,MAPK_P,MAPK_P_P
0,0.0,0.0
1,5.535793258411603e-11,2.677552651780511e-20
2,2.1585588370562677e-08,3.509542359993683e-15
3,4.117586633347268e-07,1.2017540149672355e-12
4,2.5904942694206593e-06,4.6205712685238844e-11
5,9.294103918391485e-06,5.863256488839722e-10
6,2.393109159013235e-05,3.862792243067686e-09
7,4.9689526124193106e-05,1.662825020514701e-08
8,8.890103280900774e-05,5.331491601582279e-08
9,0.00014276923813245516,1.3803943419757512e-07
10,0.00021138420637752068,3.04312457817052e-07
11,0.0002939076593874475,5.924137667644519e-07
12,0.00038883089550315704,1.045283254055381e-06
13,0.0004942373076043938,1.7040901897004007e-06
14,0.0006080301361469204,2.604453495912214e-06
15,0.0007281085554027689,3.773860628963604e-06
16,0.0008524901635854958,5.2304108789393695e-06
17,0.0009793862789252955,6.9827157592964795e-06
18,0.001107239886494476,9.030647633100638e-06
19,0.0012347364585337916,1.1366604550282027e-05
20,0.001360796647049942,1.397700568703506e-05
21,0.001484558010391252,1.6843806205876737e-05
22,0.001605351060642422,1.9945895763649114e-05
23,0.0017226732854973205,2.3260307683084097e-05
24,0.0018361635027939133,2.67632116880965e-05
25,0.0019455779449238878,3.0430693021127882e-05
26,0.002050768795993453,3.4239337884444425e-05
27,0.0021516654558567535,3.8166653097834216e-05
28,0.00224825852359636,4.219134983901261e-05
29,0.0023405863296207655,4.629351979647921e-05
30,0.0024287237620547143,5.045472874882841e-05
31,0.0025127731012754497,5.465804861041725e-05
32,0.0025928565762912904,5.888804501613761e-05
33,0.002669110374515967,6.313073391014586e-05
34,0.00274167986337722,6.737351750604826e-05
35,0.002810715812433977,7.160510743090467e-05
36,0.0028763714348388116,7.581544081893876e-05
37,0.0029388000951897906,7.999559351956833e-05
38,0.0029981535561208646,8.413769335544078e-05
39,0.00305458065806817,8.823483543857023e-05
40,0.0031082263455463176,9.228100086350682e-05
41,0.0031592309692014225,9.627097959193185e-05
42,0.0032077298061866993,0.00010020029797961185
43,0.003253852752388761,0.00010406515113932949
44,0.003297724149041712,0.0001078623401552938
45,0.0033394627136256847,0.00011158921404421675
46,0.0033791815509320667,0.00011524361628042804
47,0.0034169882250256224,0.00011882383565485686
48,0.0034529848767516323,0.00012232856121164093
49,0.0034872683745955963,0.00012575684099504518
50,0.003519930489245628,0.0001291080443386929
51,0.0035510580842494084,0.0001323818274349204
52,0.0035807333167943364,0.00013557810193268885
53,0.0036090338439543827,0.00013869700632521232
54,0.003636033030794001,0.00014173887990290372
55,0.0036618001575582835,0.00014470423906220927
56,0.0036864006238487485,0.0001475937557755975
57,0.0037098961482127982,0.00015040823804254505
58,0.003732344961999508,0.0001531486121552578
59,0.00375380199666859,0.00015581590662580908
60,0.003774319064001828,0.00015841123763377703
61,0.0037939450288754393,0.00016093579586487304
62,0.0038127259744118055,0.00016339083462150775
63,0.003830705359456636,0.00016577765909620297
64,0.0038479241684236075,0.00016809761670767503
65,0.0038644210536214418,0.00017035208840761296
66,0.0038802324702353398,0.00017254248087403317
67,0.00389539280417272,0.00017467021951374839
68,0.003909934493014144,0.00017673674220326948
69,0.003923888140328361,0.00017874349370293615
70,0.0039372826236237415,0.00018069192068490128
71,0.003950145196213167,0.00018258346732014148
72,0.003962501583273203,0.00018441957137448826
73,0.003974376072377691,0.00018620166076770538
74,0.003985791598776547,0.0001879311505535235
75,0.00399676982569431,0.00018960944028197194
76,0.004007331219903031,0.00019123791170868882
77,0.00401749512282857,0.00019281792681873135
78,0.004027279817428379,0.00019435082613524103
79,0.004036702591078322,0.00019583792728570176
80,0.004045779794689166,0.00019728052380091866
81,0.004054526898270156,0.0001986798841239178
82,0.00406295854313857,0.00020003725080789818
83,0.004071088590973364,0.0002013538398841484
84,0.004078930169892524,0.00020263084038252995
85,0.004086495717733343,0.00020386941398855554
86,0.004093797022696866,0.00020507069482254375
87,0.0041008452615144755,0.00020623578932755967
88,0.004107651035286108,0.00020736577625406514
89,0.004114224403126099,0.00020846170673017136
90,0.004120574913752392,0.00020952460440754406
91,0.004126711635141847,0.00021055546567383003
92,0.004132643182367967,0.00021155525992317843
93,0.004138377743735311,0.00021252492987743133
94,0.004143923105309955,0.0002134653919510945
95,0.004149286673948202,0.00021437753665395697
96,0.004154475498914172,0.0002152622290256314
97,0.004159496292171184,0.000216120309097084
98,0.0041643554474354305,0.0002169525923744546
99,0.004169059058059749,0.00021775987034119558
100,0.004173612933826094,0.00021854291097468578
101,0.004178022616712793,0.00021930245927407797
102,0.004182293395700169,0.0002200392377964232
103,0.004186430320672858,0.00022075394719829033
104,0.004190438215480934,0.0002214472667806937
105,0.004194321690203582,0.00022211985503508614
106,0.004198085152673529,0.00022277235018854772
107,0.004201732819302335,0.00022340537074667664
108,0.004205268725254945,0.00022401951603252075
109,0.004208696734011044,0.00022461536672046015
110,0.004212020546353257,0.00022519348536384045
111,0.004215243708818434,0.0002257544169154589
112,0.004218369621643977,0.0002262986892400365
113,0.004221401546243612,0.00022682681361801466
114,0.00422434261223946,0.00022733928524009387
115,0.004227195824080181,0.0002278365836920142
116,0.0042299640672705625,0.00022831917342913853
117,0.004232650114236305,0.0002287875042406449
118,0.004235256629848156,0.00022924201170295197
119,0.004237786176626048,0.0002296831176222582
120,0.004240241219643402,0.00023011123046608417
121,0.004242624131149775,0.00023052674578370868
122,0.0042449371949306956,0.0002309300466154901
123,0.004247182610421465,0.00023132150389114158
124,0.0042493624965861225,0.00023170147681686565
125,0.004251478895582776,0.00023207031325161314
126,0.004253533776223533,0.00023242835007244243
127,0.004255529037243914,0.00023277591352913716
128,0.004257466510392696,0.0002331133195882848
129,0.004259347963353823,0.00023344087426693572
130,0.004261175102510771,0.00023375887395602024
131,0.004262949575562677,0.00023406760573378463
132,0.00426467297400193,0.00023436734766937455
133,0.00426634683545987,0.0002346583691168302
134,0.004267972645931791,0.00023494093099968495
135,0.004269551841885897,0.00023521528608643733
136,0.004271085812264146,0.00023548167925706325
137,0.004272575900381282,0.0002357403477608674
138,0.004274023405729152,0.00023599152146584065
139,0.0042754295856897665,0.00023623542309983816
140,0.004276795657165191,0.00023647226848371423
141,0.0042781227981274605,0.00023670226675672948
142,0.004279412149092995,0.00023692562059442117
143,0.004280664814527475,0.00023714252641917596
144,0.004281881864184888,0.0002373531746036897
145,0.004283064334378438,0.00023755774966762618
146,0.004284213229203906,0.00023775643046757854
147,0.004285329521696107,0.0002379493903806465
148,0.004286414154938064,0.00023813679748178388
149,0.004287468043120078,0.00023831881471505633
150,0.004288492072551659,0.0002384956000592519
151,0.00428948710262947,0.00023866730668768932
152,0.00429045396676321,0.00023883408312270034
153,0.004291393473262244,0.00023899607338482754
154,0.0042923064061849365,0.00023915341713695703
155,0.004293193526152015,0.00023930624982354816
156,0.004294055571127078,0.00023945470280517612
157,0.004294893257164924,0.00023959890348842098
158,0.004295707279129821,0.0002397389754514852
159,0.004296498311385681,0.0002398750385654469
160,0.00429726700845792,0.00024000720911146817
161,0.004298014005670813,0.00024013559989402502
162,0.00429873991975971,0.0002402603203503453
163,0.004299445349460265,0.00024038147665614683
164,0.004300130876075047,0.00024049917182782216
165,0.004300797064019595,0.00024061350582120104
166,0.004301444461348088,0.00024072457562701786
167,0.004302073600259736,0.00024083247536319468
168,0.00430268499758723,0.00024093729636401402
169,0.004303279155268074,0.00024103912726638257
170,0.004303856560797991,0.00024113805409319076
171,0.0043044176876697446,0.0002412341603339484
172,0.004304962995796462,0.0002413275270227338
173,0.004305492931919911,0.00024141823281358178
174,0.004306007930005602,0.00024150635405342002
175,0.00430650841162364,0.0002415919648526022
176,0.00430699478631804,0.00024167513715312477
177,0.004307467451962994,0.00024175594079464525
178,0.004307926795107191,0.00024183444357834833
179,0.004308373191307552,0.000241910711328742
180,0.004308807005452018,0.00024198480795345416
181,0.00430922859207167,0.00024205679550114953
182,0.004309638295642789,0.00024212673421748169
183,0.004310036450880477,0.0002421946825993646
184,0.004310423383020972,0.000242260697447458
185,0.004310799408096891,0.00024232483391699227
186,0.004311164833203412,0.00024238714556696966
187,0.0043115199567558445,0.00024244768440781785
188,0.004311865068739716,0.00024250650094754435
189,0.004312200450952703,0.00024256364423642923
190,0.004312526377240117,0.0002426191619102834
191,0.0043128431137222575,0.00024267310023244238
192,0.004313150919015402,0.00024272550413435062
193,0.004313450044445863,0.00024277641725492836
194,0.0043137407342586165,0.00024282588197872005
195,0.0043140232258179635,0.00024287393947282693
196,0.0043142977498039255,0.00024292062972274756
197,0.004314564530401928,0.00024296599156707396
198,0.004314823785487257,0.00024301006273113354
199,0.004315075726803838,0.00024305287985960342
200,0.004315320560137996,0.00024309447854812866
201,0.004315558485487153,0.0002431348933739533
202,0.0043157896972233845,0.0002431741579256546
203,0.004316014384252574,0.00024321230483194403
204,0.004316232730168705,0.00024324936578960766
205,0.004316444913403645,0.0002432853715906145
206,0.004316651107373043,0.00024332035214836407
207,0.004316851480617737,0.00024335433652319564
208,0.004317046196940356,0.00024338735294709868
209,0.0043172354155400425,0.0002434194288476935
210,0.00431741929114111,0.00024345059087149164
211,0.004317597974119343,0.00024348086490646014
212,0.004317771610624179,0.00024351027610391895
213,0.004317940342697698,0.0002435388488997782
214,0.0043181043083900085,0.00024356660703515307
215,0.0043182636418715,0.0002435935735763565
216,0.004318418473541795,0.00024361977093432144
217,0.004318568930135789,0.00024364522088342406
218,0.004318715134826639,0.0002436699445797638
219,0.004318857207325626,0.00024369396257891318
220,0.004318995263979405,0.00024371729485312844
221,0.004319129417864597,0.00024373996080806647
222,0.0043192597788795995,0.00024376197929900666
223,0.004319386453833627,0.00024378336864660797
224,0.004319509546533553,0.00024380414665219115
225,0.0043196291578681744,0.00024382433061258068
226,0.004319745385890108,0.00024384393733452295
227,0.004319858325895452,0.00024386298314866216
228,0.004319968070500933,0.00024388148392313745
229,0.004320074709719415,0.00024389945507677583
230,0.004320178331032753,0.0002439169115918774
231,0.004320279019462789,0.00024393386802666994
232,0.0043203768576407535,0.0002439503385273815
233,0.004320471925873889,0.00024396633683996445
234,0.004320564302211031,0.0002439818763214751
235,0.0043206540625057134,0.00024399696995114977
236,0.004320741280478105,0.00024401163034113707
237,0.004320826027774668,0.0002440258697469247
238,0.00432090837402641,0.00024403970007747715
239,0.004320988386905611,0.00024405313290507121
240,0.004321066132180512,0.00024406617947485935
241,0.004321141673768989,0.0002440788507141425
242,0.0043212150737906236,0.00024409115724139863
243,0.004321286392616965,0.00024410310937502335
244,0.004321355688920658,0.00024411471714185927
245,0.004321423019723379,0.00024412599028544526
246,0.004321488440441724,0.00024413693827405063
247,0.004321552004932954,0.00024414757030846056
248,0.004321613765538243,0.00024415789532958396
249,0.004321673773125524,0.0002441679220257656
250,0.004321732077130846,0.00024417765883997513
251,0.004321788725598578,0.00024418711397672876
252,0.004321843765220526,0.00024419629540885283
253,0.0043218972413739945,0.00024420521088402313
254,0.0043219491981586694,0.00024421386793114976
255,0.004321999678432413,0.0002442222738665538
256,0.004322048723846485,0.00024423043579997994
257,0.004322096374879173,0.000244238360640447
258,0.00432214267086887,0.0002442460551019033
259,0.004322187650046158,0.0002442535257087523
260,0.0043222313495648165,0.0002442607788012102
261,0.004322273805532334,0.00024426782054051476
262,0.004322315053039148,0.00024427465691396994
263,0.00432235512618727,0.00024428129373986376
264,0.004322394058118126,0.00024428773667223953
265,0.004322431881039607,0.0002442939912055535
266,0.004322468626252279,0.0002443000626791553
267,0.004322504324174876,0.00024430595628168833
268,0.00432253900436919,0.00024431167705533176
269,0.0043225726955640155,0.0002443172298999419
270,0.004322605425678876,0.0002443226195770748
271,0.004322637221846546,0.00024432785071387794
272,0.00432266811043529,0.0002443329278068978
273,0.004322698117070367,0.0002443378552257545
274,0.004322727266654898,0.00024434263721673276
275,0.004322755583390292,0.00024434727790625704
276,0.004322783090795903,0.00024435178130427986
277,0.004322809811728219,0.0002443561513075625
278,0.004322835768399609,0.0002443603917028762
279,0.004322860982396392,0.000244364506170089
280,0.004322885474696479,0.0002443684982852031
281,0.004322909265686523,0.0002443723715232783
282,0.0043229323751785695,0.000244376129261272
283,0.004322954822426051,0.00024437977478081695
284,0.004322976626139875,0.00024438331127090286
285,0.00432299780450341,0.000244386741830495
286,0.0043230183751874806,0.00024439006947107254
287,0.0043230383553647285,0.0002443932971190924
288,0.004323057761723635,0.0002443964276183952
289,0.004323076610482214,0.00024439946373252977
290,0.004323094917401308,0.0002444024081470192
291,0.00432311269779733,0.00024440526347156683
292,0.004323129966554882,0.0002444080322421797
293,0.004323146738138864,0.00024441071692326644
294,0.004323163026606311,0.0002444133199096441
295,0.004323178845617963,0.00024441584352850003
296,0.004323194208449305,0.00024441829004131404
297,0.004323209128001486,0.00024442066164569854
298,0.004323223616811831,0.00024442296047720265
299,0.004323237687064123,0.000244425188611058
300,0.004323251350598606,0.00024442734806389007
301,0.004323264618921544,0.00024442944079536294
302,0.004323277503214747,0.0002444314687097891
303,0.00432329001434468,0.00024443343365769543
304,0.004323302162871361,0.00024443533743733175
305,0.004323313959056895,0.00024443718179614944
306,0.004323325412873995,0.0002444389684322286
307,0.004323336534014076,0.00024444069899568014
308,0.004323347331895181,0.0002444423750899891
309,0.004323357815669709,0.0002444439982733385
310,0.0043233679942319275,0.000244445570059881
311,0.004323377876225195,0.00024444709192098424
312,0.004323387470049111,0.00024444856528643835
313,0.004323396783866221,0.00024444999154562213
314,0.0043234058256088935,0.00024445137204865005
315,0.004323414602985641,0.00024445270810747477
316,0.004323423123487508,0.0002444540009969616
317,0.0043234313943942195,0.0002444552519559412
318,0.0043234394227801,0.00024445646218822686
319,0.0043234472155198895,0.00024445763286359314
320,0.004323454779294418,0.0002444587651187462
321,0.004323462120595981,0.00024445986005825295
322,0.004323469245733734,0.00024446091875544455
323,0.0043234761608387405,0.0002444619422533046
324,0.004323482871869148,0.0002444629315653112
325,0.00432348938461484,0.0002444638876762843
326,0.004323495704702407,0.000244464811543185
327,0.004323501837599615,0.00024446570409590194
328,0.004323507788619845,0.00024446656623802103
329,0.004323513562926692,0.0002444673988475631
330,0.004323519165537885,0.0002444682027777041
331,0.004323524601329574,0.00024446897885747974
332,0.004323529875040313,0.00024446972789246747
333,0.004323534991274894,0.00024447045066544154
334,0.00432353995450822,0.0002444711479370228
335,0.004323544769088745,0.00024447182044630525
336,0.004323549439242352,0.0002444724689114561
337,0.00432355396907553,0.00024447309403031396
338,0.004323558362578927,0.0002444736964809483
339,0.004323562623630413,0.00024447427692224035
340,0.004323566755998459,0.000244474835994403
341,0.004323570763345078,0.0002444753743195142
342,0.004323574649228878,0.0002444758925020321
343,0.004323578417108053,0.00024447639112929
344,0.004323582070343077,0.0002444768707719772
345,0.004323585612199552,0.0002444773319846131
346,0.004323589045850841,0.0002444777753060032
347,0.004323592374380823,0.000244478201259678
348,0.004323595600786101,0.0002444786103543318
349,0.004323598727978871,0.0002444790030842373
350,0.0043236017587888875,0.00024447937992964767
351,0.004323604695966124,0.00024447974135720005
352,0.004323607542182834,0.00024448008782029806
353,0.004323610300035767,0.0002444804197594842
354,0.004323612972048385,0.0002444807376027958
355,0.00432361556067274,0.00024448104176613336
356,0.004323618068291779,0.0002444813326535918
357,0.004323620497220985,0.00024448161065779414
358,0.0043236228497105155,0.00024448187616022207
359,0.004323625127946981,0.00024448212953152236
360,0.004323627334055162,0.00024448237113182056
361,0.004323629470099752,0.0002444826013110094
362,0.004323631538087186,0.00024448282040905094
363,0.004323633539967206,0.0002444830287562387
364,0.004323635477634447,0.00024448322667348693
365,0.004323637352929874,0.0002444834144725856
366,0.004323639167642574,0.00024448359245646267
367,0.004323640923510987,0.00024448376091942614
368,0.004323642622224246,0.00024448392014742026
369,0.004323644265424045,0.00024448407041825104
370,0.004323645854705274,0.00024448421200182045
371,0.0043236473916181,0.00024448434516035163
372,0.004323648877668588,0.00024448447014860185
373,0.00432365031432033,0.00024448458721407614
374,0.004323651702995595,0.00024448469659722836
375,0.004323653045076155,0.00024448479853166787
376,0.004323654341905066,0.0002444848932443474
377,0.004323655594787168,0.00024448498095574686
378,0.00432365680499047,0.0002444850618800702
379,0.004323657973747038,0.0002444851362254047
380,0.00432365910225418,0.0002444852041939121
381,0.004323660191675263,0.00024448526598198016
382,0.004323661243140689,0.00024448532178039434
383,0.004323662257749112,0.00024448537177449385
384,0.004323663236567766,0.0002444854161443301
385,0.004323664180633817,0.00024448545506480297
386,0.004323665090955213,0.0002444854887058246
387,0.004323665968511102,0.00024448551723244206
388,0.004323666814253216,0.0002444855408049953
389,0.004323667629105852,0.00024448555957922347
390,0.004323668413967799,0.0002444855737064265
391,0.0043236691697117954,0.0002444855833335604
392,0.004323669897186198,0.0002444855886033843
393,0.004323670597215176,0.0002444855896545598
394,0.00432367127059979,0.00024448558662177705
395,0.004323671918117891,0.0002444855796358744
396,0.004323672540525728,0.0002444855688239265
397,0.004323673138558277,0.0002444855543093706
398,0.0043236737129289425,0.0002444855362121005
399,0.00432367426433174,0.00024448551464856217
400,0.004323674793440434,0.0002444854897318687
401,0.004323675300910028,0.0002444854615718679
402,0.004323675787376661,0.0002444854302752533
403,0.0043236762534586875,0.0002444853959456589
404,0.004323676699756775,0.0002444853586837323
405,0.004323677126854899,0.00024448531858723815
406,0.004323677535321203,0.0002444852757511945
407,0.004323677925711833,0.00024448523026813693
408,0.004323678298583929,0.00024448518222920017
409,0.004323678654557311,0.00024448513172843
410,0.004323678994581378,0.0002444850788820497
411,0.004323679321134909,0.00024448502391433125
412,0.004323679643599752,0.0002444849675420329
413,0.004323680002318965,0.0002444849126961432
414,0.004323680576337869,0.0002444848722312246
415,0.004323682165907146,0.0002444849034516847
416,0.004323688352910226,0.0002444852627005605
417,0.004323715167203329,0.0002444870969547959
418,0.004323834194793574,0.0002444955264799098
419,0.004324362086888328,0.00024453316622255656
420,0.004326646692310986,0.0002446957419786619
421,0.004335768007258826,0.0002453389548481989
422,0.004366655953254846,0.00024749112989797147
423,0.004451444943598939,0.0002533855096628367
424,0.004642458230687356,0.0002669445665266937
425,0.005006708303876181,0.0002942863557607991
426,0.005611954155357401,0.0003444604735105781
427,0.006510197427912575,0.0004304169372730918
428,0.007725934016711767,0.000569702256877029
429,0.00925263644327039,0.0007841782197500136
430,0.011056609962421662,0.0010984757205784535
431,0.013085194945790718,0.001537529349707841
432,0.01527615595745656,0.0021239049293308543
433,0.0175660144241395,0.002875599661005503
434,0.019896210520979042,0.003804715057358777
435,0.022216873497460227,0.004917084588255696
436,0.024488510498981316,0.0062127096830275055
437,0.026682142165834415,0.007686751846132948
438,0.028778428404309876,0.009330819461607577
439,0.03076624122449736,0.011134332017395622
440,0.03264102294714037,0.01308580504769572
441,0.03440315538817761,0.015173954258897789
442,0.03605647456272893,0.01738855960169753
443,0.037606999040871836,0.019721061112535108
444,0.03906189550477437,0.022164882769922654
445,0.04042867755218303,0.02471550149601027
446,0.04171461858262901,0.02737029590273348
447,0.042926352593635884,0.03012822169105332
448,0.044069634685138186,0.03298936623393748
449,0.0451492336713819,0.03595443390215492
450,0.046168930877252747,0.0390242078852775
451,0.04713160107595044,0.04219902611077582
452,0.04803935326153785,0.045478300520603906
453,0.0488937105515728,0.04886010162574656
454,0.04969581017249045,0.05234082416904148
455,0.050446606418230365,0.05591494455169075
456,0.05114706184540238,0.05957487595247008
457,0.05179831480558407,0.06331092248939858
458,0.052401814616499336,0.06711132930183816
459,0.05295941903891109,0.07096242123515228
460,0.05347345200688978,0.074848819150065
461,0.053946722514393745,0.07875371999996111
462,0.05438250799897042,0.08265922488634027
463,0.05478450736680915,0.0865466983779711
464,0.05515676993658457,0.09039714243050821
465,0.055503607077508704,0.09419156916413098
466,0.0558294932674746,0.09791135839133638
467,0.056138962818237215,0.10153858795231387
468,0.05643650773464209,0.10505632741912217
469,0.05672648121671219,0.10844888838579339
470,0.05701301028371053,0.11170202719942528
471,0.05729991998329813,0.11480309846305428
472,0.057590670708802534,0.11774115984087283
473,0.057888309324049765,0.12050703054056323
474,0.05819543410973499,0.12309330729129649
475,0.05851417300446765,0.1254943426665126
476,0.05884617421242512,0.12770619123354113
477,0.05919260797522031,0.1297265292854694
478,0.05955417814047081,0.1315545538779907
479,0.05993114208415335,0.1331908666177965
480,0.06032333753816844,0.13463734719427733
481,0.06073021492052227,0.13589702107492663
482,0.061150873846875106,0.13697392515266835
483,0.06158410260585817,0.1378729744860803
484,0.0620284194960853,0.138599832647253
485,0.06248211504282625,0.13916078761268644
486,0.06294329423148172,0.13956263461555465
487,0.06340991801032587,0.13981256693174443
488,0.06387984342455473,0.13991807519854432
489,0.06435086184691573,0.13988685556057687
490,0.06482073486671822,0.13972672669738137
491,0.06528722748926567,0.13944555560190164
492,0.06574813838169143,0.1390511918418109
493,0.0662013269792268,0.13855140993677445
494,0.06664473733784136,0.13795385941759178
495,0.06707641868531251,0.13726602208992833
496,0.06749454268243252,0.13649517600148475
497,0.06789741745948524,0.13564836560100849
498,0.0682834985398141,0.13473237757814308
499,0.06865139680205366,0.133753721880868
500,0.06899988366561838,0.13271861742077848
501,0.06932789371002428,0.1316329819937205
502,0.06963452495797136,0.13050242596350686
503,0.0699190370650055,0.12933224927851827
504,0.07018084766553766,0.1281274414147094
505,0.07041952712646248,0.12689268386281521
506,0.07063479195627748,0.12563235480283869
507,0.07082649710999624,0.12435053563418495
508,0.07099462741917066,0.12305101905551198
509,0.07113928836247,0.1217373184133219
510,0.07126069637614105,0.12041267806364128
511,0.07135916888634153,0.11908008451516984
512,0.07143511422668741,0.11774227814612137
513,0.07148902158554374,0.11640176530953839
514,0.07152145110875997,0.11506083066362961
515,0.07153302426493746,0.11372154958410813
516,0.07152441456273911,0.11238580053489883
517,0.07149633869279526,0.11105527729140872
518,0.07144954815118669,0.10973150092728653
519,0.07138482138716688,0.10841583149084037
520,0.07130295650457279,0.10710947931108962
521,0.07120476453501219,0.10581351588613176
522,0.07109106329041706,0.10452888431755177
523,0.07096267179386659,0.10325640926475453
524,0.0708204052799739,0.10199680640176867
525,0.07066507074976905,0.10075069136676044
526,0.07049746305993237,0.09951858820109234
527,0.07031836152209074,0.09830093728036067
528,0.07012852698479122,0.09709810274454397
529,0.06992869936850972,0.09591037943829979
530,0.0697195956225352,0.09473799937565464
531,0.0695019080718185,0.09358113774569982
532,0.06927630312153395,0.09243991847792797
533,0.06904342028741557,0.09131441938724053
534,0.06880387152053985,0.09020467691947316
535,0.06855824079624716,0.08911069051897708
536,0.06830708393803857,0.08803242663995993
537,0.06805092864879843,0.08696982242325968
538,0.06779027472325772,0.08592278905989541
539,0.06752559441725879,0.08489121486233217
540,0.06725733295114456,0.08387496806374499
541,0.06698590912634546,0.08287389936480473
542,0.06671171603594894,0.08188784424675319
543,0.06643512185186393,0.0809166250685587
544,0.06615647067269159,0.0799600529650893
545,0.0658760834181945,0.07901792956225728
546,0.06559425875761464,0.07809004852411537
547,0.06531127406070505,0.07717619694598103
548,0.06502738636150156,0.07627615660667715
549,0.0647428333263167,0.07538970509208646
550,0.06445783421838742,0.07451661680138953
551,0.06417259085287016,0.07365666384639563
552,0.0638872885367163,0.07280961685369573
553,0.06360209698891403,0.07197524567851525
554,0.06331717123734203,0.07115332003848847
555,0.06303265248922256,0.07034361007483965
556,0.06274866897277877,0.0695458868478976
557,0.062465336748267056,0.06875992277317573
558,0.062182760487124504,0.06798549200384534
559,0.06190103421824642,0.067222370764789
560,0.06162024204095442,0.06647033764302444
561,0.06134045880446833,0.06572917383883504
562,0.06106175075396232,0.06499866338155591
563,0.060784176143565086,0.06427859331361795
564,0.060507785816801656,0.06356875384603938
565,0.06023262375522547,0.0628689384883601
566,0.059958727596025496,0.06217894415567055
567,0.059686129119580995,0.06149857125514002
568,0.05941485470796502,0.060827623754209824
569,0.059144925775485996,0.06016590923244294
570,0.058876359172389994,0.059513238918802606
571,0.0586091675628794,0.05886942771595968
572,0.058343359778615315,0.05823429421309199
573,0.0580789411488849,0.05760766068845847
574,0.05781591380856065,0.05698935310295824
575,0.05755427698505271,0.05637920108570193
576,0.05729402726535558,0.05577703791259808
577,0.05703515884426659,0.0551827004787649
578,0.0567776637548963,0.05459602926558925
579,0.056521532082466255,0.05401686830310124
580,0.05626675216240894,0.0534450651283069
581,0.056013310763721035,0.052880470740054634
582,0.055761193258495524,0.052322939550910705
583,0.05551038377850328,0.051772329336531135
584,0.05526086535966745,0.05122850118294337
585,0.055012620075218205,0.05069131943206629
586,0.05476562915829373,0.05016065162585251
587,0.054519873114686236,0.04963636844930211
588,0.05427533182642844,0.049118343672636997
589,0.0540319846468427,0.04860645409287323
590,0.05378981048766078,0.0481005794749838
591,0.053548787898785054,0.04760060249286211
592,0.05330889514121349,0.0471064086702408
593,0.05307011025362333,0.04661788632171753
594,0.052832411113118816,0.04613492649401556
595,0.0525957754905227,0.04565742290760239
596,0.05236018110067016,0.04518527189876932
597,0.05212560564806407,0.04471837236224869
598,0.05189202686826539,0.04425662569446472
599,0.05165942256533144,0.043799935737477806
600,0.051427770645633294,0.043348208723673655
601,0.0511970491483387,0.04290135322126758
602,0.05096723627281823,0.042459280080640274
603,0.050738310403239235,0.04202190238157883
604,0.05051025013057283,0.04158913538139907
605,0.05028303427223065,0.04116089646403221
606,0.05005664188954272,0.04073710509005411
607,0.04983105230323726,0.04031768274768113
608,0.04960624510712748,0.039902552904761676
609,0.04938220018014062,0.03949164096173987
610,0.049158897696842015,0.03908487420563097
611,0.04893631813660449,0.03868218176496031
612,0.0487144422915209,0.03828349456571859
613,0.048493251273208124,0.03788874528829154
614,0.04827272651858712,0.037497868325380754
615,0.04805284979474922,0.0371107997408732
616,0.04783360320299119,0.0367274772296956
617,0.04761496918211425,0.03634784007860958
618,0.04739693051105383,0.035971829127946116
619,0.04717947031091679,0.03559938673425919
620,0.04696257204648438,0.03523045673389886
621,0.04674621952726623,0.03486498440746696
622,0.0465303969081019,0.034502916445158974
623,0.046315088689434854,0.03414420091295872
624,0.046100279717248754,0.03378878721968831
625,0.045885955182734924,0.03343662608486585
626,0.04567210062171622,0.03308766950738504
627,0.04545870191386933,0.03274187073498148
628,0.045245745281780665,0.03239918423446266
629,0.04503321728985093,0.032059565662695
630,0.044821104843091604,0.03172297183832362
631,0.04460939518582298,0.03138936071420623
632,0.044398075900303535,0.031058691350540152
633,0.044187134905310406,0.030730923888669354
634,0.04397656045467807,0.03040601952554666
635,0.04376634113582761,0.03008394048883793
636,0.04355646586828649,0.029764650012647793
637,0.04334692390221552,0.029448112313846708
638,0.043137704816959416,0.029134292568984563
639,0.04292879851961813,0.028823156891773675
640,0.04272019524366689,0.028514672311117345
641,0.04251188554761217,0.02820880674968306
642,0.04230386031370316,0.027905529002969467
643,0.04209611074669329,0.027604808718899126
644,0.04188862837267852,0.02730661637787441
645,0.041681405037985335,0.027010923273312615
646,0.04147443290813344,0.026717701492626082
647,0.04126770446686989,0.026426923898640788
648,0.04106121251527498,0.026138564111434646
649,0.0408549501709414,0.025852596490579683
650,0.04064891086722806,0.025568996117783467
651,0.040443088352587836,0.0252877387798941
652,0.04023747668997141,0.025008800952285058
653,0.04003207025629974,0.024732159782574953
654,0.03982686374201344,0.024457793074694336
655,0.0396218521506893,0.02418567927327074
656,0.039417030798726764,0.023915797448325348
657,0.039212395315098396,0.023648127280277938
658,0.03900794164116455,0.023382649045218265
659,0.03880366603055007,0.023119343600473827
660,0.03859956504907776,0.02285819237043396
661,0.03839563557474966,0.0225991773326248
662,0.03819187581617449,0.022342282283245574
663,0.03798828123827289,0.02208748769639812
664,0.03778485067520882,0.021834778417629378
665,0.03758158225450526,0.021584138502493907
666,0.03737847441645889,0.02133555249351722
667,0.03717552591435891,0.02108900540758031
668,0.03697273581473686,0.020844482723491545
669,0.03677010349761646,0.020601970369739906
670,0.036567628656791286,0.020361454712414965
671,0.03636531130010285,0.02012292254328885
672,0.036163151749718236,0.019886361068055306
673,0.03596115064240351,0.019651757894713573
674,0.03575930892978967,0.019419101022095438
675,0.035557627878613426,0.019188378828526052
676,0.03535610907094116,0.018959580060610208
677,0.03515475440436185,0.01873269382214459
678,0.03495356609213991,0.018507709563148164
679,0.034752546663331586,0.018284617068998744
680,0.03455169896284458,0.018063406449681692
681,0.03435102615144473,0.017844068129141296
682,0.03415053170570181,0.017626592834725664
683,0.03395021941786205,0.01741097158672857
684,0.033750093395639516,0.017197195688025402
685,0.03355015806193533,0.01698525671379153
686,0.03335041815445324,0.016775146501307212
687,0.03315087872522446,0.01656685713984513
688,0.03295154514002345,0.01636038096063624
689,0.032752423077671754,0.0161557105269118
690,0.032553518529224154,0.015952838624034467
691,0.032354837797024576,0.015751758249675476
692,0.032156387493631755,0.015552462604093775
693,0.031958174540602055,0.01535494508047483
694,0.031760206167124445,0.015159199255342964
695,0.03156248990849946,0.014965218879045944
696,0.03136503360445923,0.014772997866312958
697,0.031167845397317935,0.014582530286883893
698,0.030970933729946405,0.014393810356213208
699,0.03077430734356316,0.01420683242624757
700,0.030577975275345507,0.014021590976279126
701,0.030381946855838247,0.013838080603875756
702,0.030186231706164725,0.013656296015893073
703,0.029990839735034164,0.013476232019564055
704,0.029795781135535743,0.013297883513675458
705,0.029601066381715717,0.013121245479828167
706,0.029406706224935877,0.012946312973790258
707,0.029212711689998713,0.012773081116938511
708,0.02901909407105073,0.012601545087797856
709,0.028825864927241616,0.012431700113681204
710,0.028633036078150077,0.012263541462430033
711,0.028440619598966727,0.012097064434264235
712,0.028248627815420094,0.011932264353742533
713,0.02805707329847898,0.011769136561837874
714,0.02786596885877746,0.011607676408134957
715,0.02767532754080116,0.011447879243149698
716,0.027485162616816345,0.011289740410782215
717,0.027295487580544776,0.011133255240901726
718,0.027106316140579255,0.010978419042070706
719,0.02691766221354787,0.010825227094416598
720,0.02672953991701956,0.010673674642650009
721,0.026541963562156923,0.010523756889240374
722,0.026354947646119037,0.010375468987751778
723,0.02616850684420314,0.010228806036342927
724,0.02598265600175116,0.010083763071440347
725,0.025797410125802517,0.009940335061585533
726,0.025612784376509507,0.009798516901465661
727,0.025428794058314528,0.009658303406130107
728,0.0252454546108955,0.00951968930539802
729,0.025062781599884697,0.00938266923846377
730,0.024880790707366384,0.0092472377487038
731,0.024699497722165186,0.009113389278690704
732,0.024518918529919262,0.008981118165416784
733,0.024339069102964222,0.008850418635734584
734,0.024159965490021456,0.008721284802017488
735,0.02398162380570704,0.008593710658043267
736,0.023804060219867782,0.008467690075106575
737,0.02362729094675875,0.008343216798361976
738,0.02345133223406648,0.0082202844434025
739,0.023276200351793702,0.008098886493076394
740,0.023101911581021647,0.007979016294543327
741,0.022928482202544412,0.007860667056575872
742,0.022755928485411057,0.007743831847103988
743,0.02258426667537522,0.007628503591009106
744,0.02241351298326581,0.007514675068165403
745,0.022243683573295817,0.007402338911732498
746,0.022074794551323614,0.00729148760669689
747,0.021906861953079573,0.007182113488667737
748,0.021739901732377657,0.007074208742920497
749,0.021573929749313325,0.006967765403693662
750,0.021408961758483884,0.006862775353735434
751,0.02124501339722949,0.006759230324098537
752,0.02108210017391995,0.006657121894183122
753,0.020920237456299274,0.006556441492026151
754,0.020759440459900816,0.006457180394831902
755,0.020599724236560094,0.006359329729745648
756,0.020441103663029633,0.006262880474862323
757,0.020283593429716838,0.00616782346047082
758,0.020127208029557735,0.00607414937052668
759,0.019971961747048593,0.005981848744352024
760,0.01981786864744414,0.00589091197855544
761,0.019664942566140806,0.00580132932916749
762,0.01951319709825909,0.005713090913988189
763,0.019362645588441203,0.005626186715136815
764,0.019213301120876262,0.005540606581802903
765,0.01906517650956865,0.0054563402331879556
766,0.01891828428886369,0.0053733772616329925
767,0.01877263670423839,0.005291707135924722
768,0.018628245703384495,0.0052113192047742
769,0.018485122927569927,0.005132202700456341
770,0.01834327970332067,0.005054346742608265
771,0.018202727034412513,0.0049777403421747725
772,0.018063475594191157,0.004902372405492936
773,0.017925535718228486,0.00482823173850976
774,0.01778891739732844,0.004755307051121355
775,0.017653630270881817,0.004683586961628462
776,0.017519683620586785,0.004613060001294563
777,0.017387086364539426,0.004543714619004808
778,0.017255847051697477,0.004475539186009436
779,0.01712597385672438,0.004408522000749013
780,0.016997474575221244,0.004342651293747347
781,0.016870356619348253,0.004277915232568566
782,0.016744627013833276,0.004214301926822056
783,0.016620292392385997,0.004151799433214982
784,0.016497358994498616,0.004090395760637279
785,0.01637583266264968,0.0040300788752721355
786,0.016255718839902414,0.003970836705723638
787,0.01613702256790434,0.003912657148154463
788,0.016019748485277326,0.0038555280714211897
789,0.015903900826403503,0.0037994373222034403
790,0.01578948342060284,0.003744372730116006
791,0.015676499691694455,0.003690322112796864
792,0.0155649526579424,0.003637273280964355
793,0.015454844932378833,0.003585214043433751
794,0.015346178723499406,0.0035341322120885027
795,0.015238955836323146,0.0034840156067978945
796,0.015133177673812826,0.003434852060274669
797,0.01502884523864508,0.003386629422865809
798,0.014925959135326768,0.003339335567270832
799,0.014824519572644025,0.0032929583931816547
800,0.014724526366438964,0.0032474858318381505
801,0.014625978942703345,0.0032029058504944308
802,0.014528876340978486,0.0031592064567898762
803,0.014433217218054212,0.003116375703021991
804,0.01433899985195255,0.0030744016903155357
805,0.014246222146188358,0.0030332725726830716
806,0.014154881634294608,0.0029929765609753873
807,0.014064975484600884,0.0029535019267166417
808,0.013976500505254784,0.0029148370058207466
809,0.013889453149472349,0.0028769702021883194
810,0.013803829521007236,0.0028398899911792406
811,0.013719625379829563,0.002803584922960083
812,0.013636836147993247,0.002768043625724139
813,0.013555456915691735,0.00273325480878183
814,0.01347548244748083,0.0026992072655215036
815,0.013396907188661178,0.002665889876238042
816,0.013319725271807597,0.0026332916108291683
817,0.013243930523431223,0.0026014015313595546
818,0.013169516470766057,0.0025702087944909986
819,0.013096476348665021,0.002539702653780162
820,0.013024803106596884,0.0025098724618434834
821,0.012954489415729409,0.002480707672389108
822,0.012885527676089924,0.0024521978421176817
823,0.012817910023793152,0.0024243326324921966
824,0.012751628338320832,0.0023971018113783174
825,0.012686674249849612,0.0023704952545558385
826,0.012623039146608632,0.002344502947103897
827,0.012560714182268425,0.0023191149846608027
828,0.012499690283333663,0.0022943215745601414
829,0.012439958156552073,0.002270113036846128
830,0.012381508296312736,0.0022464798051692355
831,0.012324330992034368,0.002223412427564825
832,0.012268416335530637,0.002200901567117765
833,0.012213754228349824,0.002178938002514136
834,0.01216033438907229,0.0021575126284841184
835,0.012108146360570246,0.0021366164561381663
836,0.012057179517211228,0.002116240613198032
837,0.012007423072004761,0.0020963763441286523
838,0.011958866083686813,0.0020770150101698
839,0.011911497463731492,0.002058148089274231
840,0.01186530598328885,0.0020397671759524953
841,0.011820280280040004,0.0020218639810294452
842,0.011776408864967263,0.0020044303313143086
843,0.011733680129033957,0.001987458169188321
844,0.011692082349768334,0.001970939552112382
845,0.0116516036977491,0.0019548666520589155
846,0.011612232242989028,0.001939231754869592
847,0.011573955961213186,0.001924027259543362
848,0.011536762740027632,0.0019092456774579332
849,0.011500640384977914,0.0018948796315268522
850,0.011465576625493638,0.0018809218552965886
851,0.011431559120717645,0.0018673651919857545
852,0.011398575465217812,0.0018542025934701525
853,0.0113666131945799,0.0018414271192164714
854,0.011335659790880599,0.0018290319351677209
855,0.011305702688039546,0.001817010312583418
856,0.011276729277049457,0.0018053556268373008
857,0.011248726911084313,0.0017940613561758531
858,0.011221682910484334,0.0017831210804400237
859,0.011195584567618974,0.001772528479753493
860,0.011170419151626948,0.0017622773331793969
861,0.011146173913034902,0.0017523615173492956
862,0.011122836088253799,0.0017427750050660097
863,0.011100392903954738,0.0017335118638835785
864,0.011078831581323967,0.0017245662546664336
865,0.011058139340199474,0.001715932430130478
866,0.011038303403090352,0.0017076047333684664
867,0.011019310999078139,0.0016995775963615678
868,0.011001149367602348,0.0016918455384801428
869,0.010983805762136208,0.00168440316497509
870,0.010967267453745575,0.0016772451654626349
871,0.010951521734539922,0.0016703663124038447
872,0.010936555921015056,0.0016637614595816118
873,0.010922357357288156,0.0016574255405763581
874,0.010908913418229721,0.0016513535672428817
875,0.01089621151249096,0.0016455406281896783
876,0.010884239085432032,0.0016399818872626368
877,0.010872983621952123,0.0016346725820349536
878,0.010862432649222285,0.0016296080223044236
879,0.010852573739328991,0.0016247835885997708
880,0.01084339451181627,0.0016201947306981775
881,0.010834882636149441,0.00161583696615391
882,0.010827025834085565,0.0016117058788408388
883,0.010819811881961232,0.0016077971175095906
884,0.010813228612898265,0.0016041063943599248
885,0.01080726391892824,0.0016006294836306534
886,0.010801905753041213,0.0015973622202071769
887,0.010797142131157436,0.0015943004982483218
888,0.010792961134028316,0.0015914402698329682
889,0.010789350909064029,0.0015887775436280232
890,0.010786299672095184,0.0015863083835775925
891,0.010783795709066131,0.0015840289076155555
892,0.010781827377668092,0.0015819352864006586
893,0.010780383108906583,0.001580023742076588
894,0.010779451408611656,0.0015782905470559966
895,0.010779020858890797,0.0015767320228304341
896,0.010779080119525717,0.0015753445388061455
897,0.010779617929317122,0.0015741245111658587
898,0.010780623107376082,0.001573068401758055
899,0.010782084554370549,0.001572172717013287
900,0.010783991253718843,0.001571434006888103
901,0.01078633227274311,0.0015708488638375086
902,0.010789096763775938,0.0015704139218149183
903,0.010792273965225157,0.0015701258553015378
904,0.01079585320260086,0.0015699813783641874
905,0.010799823889502987,0.00156997724374212
906,0.010804175528569231,0.001570110241962923
907,0.01080889771239228,0.001570377200487892
908,0.010813980124399762,0.0015707749828864897
909,0.0108194125397019,0.0015713004880401
910,0.010825184825913407,0.0015719506493752902
911,0.01083128694393532,0.0015727224341262264
912,0.01083770894871806,0.001573612842626389
913,0.010844440989992021,0.001574618907629295
914,0.010851473312974895,0.0015757376936582383
915,0.010858796259050165,0.0015769662963850798
916,0.01086640026642439,0.0015783018420372913
917,0.010874275870762617,0.0015797414868337382
918,0.010882413705795343,0.001581282416448427
919,0.010890804503910887,0.001582921845502261
920,0.010899439096723957,0.001584657017082404
921,0.010908308415622773,0.0015864852022886668
922,0.010917403492301423,0.0015884036998074051
923,0.010926715459268018,0.001590409835511271
924,0.010936235550340274,0.001592500962085422
925,0.010945955101118008,0.0015946744586796567
926,0.010955865549442431,0.0015969277305856058
927,0.01096595843583663,0.0015992582089386386
928,0.010976225403931736,0.0016016633504445095
929,0.010986658200874787,0.0016041406371295013
930,0.010997248677721165,0.0016066875761141098
931,0.011007988789812375,0.001609301699409283
932,0.011018870597137851,0.0016119805637352792
933,0.01102988626468129,0.001614721750361742
934,0.01104102806275222,0.001617522864969366
935,0.01105228836730172,0.0016203815375312864
936,0.011063659660224162,0.0016232954222152947
937,0.011075134529641456,0.0016262621973042839
938,0.011086705670175702,0.0016292795651363992
939,0.01109836588320325,0.00163234525206183
940,0.011110108077095332,0.0016354570084179828
941,0.011121925267442344,0.0016386126085206358
942,0.011133810577260726,0.0016418098506711869
943,0.011145757237189016,0.0016450465571792579
944,0.011157758585663122,0.001648320574399415
945,0.01116980806907599,0.001651629772782179
946,0.011181899241922241,0.0016549720469378304
947,0.011194025766924793,0.0016583453157126002
948,0.011206181415145695,0.001661747522276713
949,0.011218360066076507,0.001665176634223211
950,0.011230555707714932,0.0016686306436767802
951,0.011242762436620103,0.0016721075674127344
952,0.011254974457950146,0.0016756054469839038
953,0.01126718608548731,0.0016791223488560776
954,0.011279391741629013,0.001682656364550528
955,0.011291585957375276,0.0016862056107932513
956,0.011303763372288157,0.0016897682296697816
957,0.011315918734433692,0.001693342388785343
958,0.01132804690030168,0.0016969262814294085
959,0.011340142834705635,0.0017005181267436315
960,0.011352201610662527,0.0017041161698932883
961,0.011364218409249192,0.0017077186822405629
962,0.01137618851943848,0.001711323961519582
963,0.01138810733791262,0.0017149303320123238
964,0.011399970368854729,0.0017185361447251708
965,0.011411773223717378,0.0017221397775641252
966,0.01142351162096782,0.0017257396355101172
967,0.011435181385811384,0.0017293341507916271
968,0.0114467784498884,0.0017329217830557317
969,0.011458298850952628,0.0017365010195355842
970,0.01146973873252051,0.001740070375215368
971,0.011481094343500094,0.0017436283929895863
972,0.011492362037792867,0.001747173643819198
973,0.01150353827387408,0.0017507047268817096
974,0.01151461961434581,0.0017542202697158372
975,0.011525602725467985,0.0017577189283598204
976,0.011536484376661792,0.001761199387482703
977,0.011547261439993467,0.0017646603605091286
978,0.011557930889625156,0.001768100589735628
979,0.011568489801248688,0.0017715188464391268
980,0.011578935351490648,0.0017749139309770534
981,0.011589264817293606,0.0017782846728782529
982,0.011599475575272484,0.0017816299309246606
983,0.011609565101046547,0.001784948593223232
984,0.01161953096854606,0.0017882395772680574
985,0.011629370849295658,0.0017915018299918361
986,0.011639082511673643,0.0017947343278070418
987,0.011648663820145703,0.0017979360766358604
988,0.0116581127344758,0.0018011061119292027
989,0.011667427308913882,0.0018042434986742946
990,0.011676605691359703,0.001807347331390628
991,0.011685646122502601,0.001810416734114259
992,0.011694546934943996,0.0018134508603697913
993,0.011703306552286711,0.001816448893130993
994,0.011711923488213172,0.0018194100447685559
995,0.011720396345536437,0.0018223335569858275
996,0.011728723815231318,0.0018252187007422882
997,0.01173690463490819,0.0018280647620327278
998,0.011744937750688413,0.0018308710985125397
999,0.01175282207073912,0.0018336370539963462
1000,0.011760556628581406,0.0018363620154524672
1001,0.011768140540749716,0.0018390453985353608
1002,0.011775573005705703,0.0018416866474344875
1003,0.011782853302733612,0.0018442852347106133
1004,0.011789980790817892,0.0018468406611201625
1005,0.011796954907505843,0.0018493524554270265
1006,0.011803775167752377,0.001851820174202955
1007,0.011810441162750927,0.0018542434016155305
1008,0.01181695255874801,0.0018566217492047236
1009,0.011823309095844737,0.001858954855647778
1010,0.011829510586784523,0.001861242386512937
1011,0.011835556915727652,0.0018634840340017074
1012,0.011841448037014262,0.0018656795166804533
1013,0.011847183973915286,0.0018678285792012481
1014,0.011852764817372389,0.0018699309920120909
1015,0.011858190724728658,0.0018719865510571745
1016,0.011863461918448934,0.001873995077466994
1017,0.011868578684832508,0.001875956417238958
1018,0.011873541372716827,0.001877870440908565
1019,0.011878350392174292,0.0018797370432115444
1020,0.011883006213202511,0.0018815561427372076
1021,0.011887509364408893,0.0018833276815734183
1022,0.011891860431690675,0.0018850516249434134
1023,0.011896060056908972,0.0018867279608348793
1024,0.011900108936560204,0.0018883566996215388
1025,0.011904007820445227,0.0018899378736777306
1026,0.011907757510335251,0.0018914715369861743
1027,0.011911358858636522,0.0018929577647393942
1028,0.011914812767054117,0.0018943966529351502
1029,0.011918120185255945,0.00189578831796603
1030,0.011921282109537704,0.0018971328962040317
1031,0.011924299581487973,0.0018984305435800076
1032,0.01192717368665602,0.0018996814351585193
1033,0.011929905553222911,0.00190088576470869
1034,0.011932496350674775,0.0019020437442710703
1035,0.011934947288479849,0.0019031556037210834
1036,0.011937259614774511,0.0019042215903293668
1037,0.011939434615045307,0.0019052419683194795
1038,0.011941473610826578,0.0019062170184231458
1039,0.011943377958399502,0.0019071470374335368
1040,0.01194514904749912,0.0019080323377568412
1041,0.011946788300029964,0.0019088732469627334
1042,0.011948297168788296,0.0019096701073336572
1043,0.011949677136194645,0.0019104232754138307
1044,0.011950929713035578,0.001911133121557325
1045,0.011952056437214843,0.0019118000294773682
1046,0.011953058872514556,0.0019124243957949496
1047,0.01195393860736897,0.0019130066295887237
1048,0.011954697253647704,0.001913547151945883
1049,0.011955336445452743,0.0019140463955142544
1050,0.01195585783792633,0.0019145048040563354
1051,0.011956263106071613,0.0019149228320049039
1052,0.011956553943588336,0.0019153009440213086
1053,0.011956732061719754,0.0019156396145559376
1054,0.01195679918811521,0.0019159393274117314
1055,0.011956757065706423,0.001916200575310588
1056,0.011956607451598971,0.0019164238594632803
1057,0.011956352115977875,0.001916609689142664
1058,0.01195599284102983,0.00191675858126112
1059,0.011955531419880058,0.0019168710599516258
1060,0.011954969655546368,0.0019169476561533751
1061,0.011954309359908,0.0019169889072016997
1062,0.011953552352691762,0.0019169953564227525
1063,0.011952700460475793,0.0019169675527332833
1064,0.011951755515708524,0.001916906050244977
1065,0.011950719355746061,0.0019168114078744619
1066,0.011949593821906678,0.001916684188958634
1067,0.011948380758542312,0.0019165249608754837
1068,0.011947082012129503,0.0019163342946706238
1069,0.011945699430375796,0.0019161127646899491
1070,0.011944234861345618,0.0019158609482178438
1071,0.011942690152603665,0.001915579425121906
1072,0.011941067150377866,0.0019152687775037258
1073,0.011939367698738079,0.0019149295893560443
1074,0.011937593638795551,0.0019145624462262526
1075,0.011935746807919511,0.0019141679348866278
1076,0.01193382903897096,0.0019137466430110726
1077,0.01193184215956189,0.001913299158858619
1078,0.01192978799131982,0.00191282607096307
1079,0.011927668349183814,0.0019123279678308581
1080,0.011925485040712157,0.0019118054376442697
1081,0.011923239865410402,0.0019112590679723923
1082,0.011920934614077396,0.0019106894454887842
1083,0.011918571068169558,0.0019100971556961248
1084,0.011916150999184378,0.001909482782657855
1085,0.011913676168060064,0.0019088469087367027
1086,0.011911148324597078,0.0019081901143405949
1087,0.01190856920689278,0.001907512977675092
1088,0.011905940540798918,0.0019068160745031087
1089,0.011903264039393376,0.001906099977911587
1090,0.011900541402472391,0.001905365258085144
1091,0.011897774316057699,0.0019046124820865798
1092,0.011894964451923404,0.0019038422136444491
1093,0.011892113467139215,0.0019030550129476758
1094,0.011889223003630966,0.0019022514364463732
1095,0.011886294687758136,0.0019014320366602655
1096,0.01188333012990831,0.001900597361993458
1097,0.011880330924108872,0.0018997479565558933
1098,0.01187729864765411,0.0018988843599917547
1099,0.011874234860749193,0.001898007107314138
1100,0.011871141106170787,0.0018971167287464403
1101,0.01186801890894273,0.001896213749570266
1102,0.011864869776028386,0.0018952986899794615
1103,0.01186169519603764,0.0018943720649408058
1104,0.01185849663895002,0.0018934343840607967
1105,0.011855275555851795,0.0018924861514584116
1106,0.011852033378689406,0.0018915278656444672
1107,0.011848771520036614,0.0018905600194063274
1108,0.011845491372876446,0.0018895830996991287
1109,0.011842194310396605,0.001888597587542143
1110,0.011838881685800502,0.0018876039579217563
1111,0.01183555483213055,0.0018866026796993153
1112,0.011832215062105357,0.0018855942155248467
1113,0.011828863667970296,0.0018845790217561413
1114,0.01182550192136132,0.0018835575483833334
1115,0.011822131073181022,0.0018825302389584998
1116,0.01181875235348795,0.0018814975305305162
1117,0.011815366971397175,0.0018804598535850255
1118,0.011811976114994276,0.0018794176319893278
1119,0.01180858095125998,0.0018783712829419366
1120,0.011805182626006952,0.0018773212169271778
1121,0.01180178226382735,0.001876267837674134
1122,0.011798380968051164,0.001875211542120323
1123,0.011794979820720846,0.0018741527203797491
1124,0.011791579882563786,0.001873091755715161
1125,0.011788182192988432,0.0018720290245147493
1126,0.01178478777008362,0.0018709648962728304
1127,0.011781397610629518,0.001869899733574545
1128,0.011778012690117174,0.0018688338920844695
1129,0.011774633962778667,0.0018677677205390089
1130,0.011771262361625444,0.0018667015607428668
1131,0.011767898798495905,0.0018656357475682868
1132,0.011764544164111676,0.001864570608958656
1133,0.011761199328141623,0.0018635064659350792
1134,0.011757865139275006,0.0018624436326064198
1135,0.011754542425301676,0.001861382416182273
1136,0.011751231993200516,0.0018603231169895252
1137,0.011747934629235051,0.0018592660284913992
1138,0.011744651099056322,0.001858211437309823
1139,0.01174138214781319,0.0018571596232504362
1140,0.011738128500268253,0.0018561108593302907
1141,0.011734890860921708,0.0018550654118083293
1142,0.01173166991414008,0.0018540235402182872
1143,0.0117284663242936,0.0018529854974040946
1144,0.011725280735895587,0.0018519515295576593
1145,0.011722113773751265,0.0018509218762588783
1146,0.011718966043109897,0.0018498967705179762
1147,0.011715838129822784,0.0018488764388196728
1148,0.011712730600506625,0.0018478611011697769
1149,0.011709644002711196,0.0018468509711433068
1150,0.011706578865091874,0.001845846255934807
1151,0.011703535697587234,0.0018448471564102367
1152,0.011700514991600044,0.0018438538671607576
1153,0.011697517220183133,0.0018428665765577983
1154,0.011694542838227585,0.0018418854668101792
1155,0.011691592282657697,0.0018409107140223988
1156,0.011688665972626475,0.0018399424882542114
1157,0.011685764309715917,0.0018389809535818604
1158,0.011682887678140451,0.0018380262681604509
1159,0.011680036444952786,0.001837078584287505
1160,0.01167721096025349,0.0018361380484676444
1161,0.011674411557403066,0.001835204801478401
1162,0.011671638553235525,0.0018342789784369774
1163,0.011668892248275534,0.001833360708868034
1164,0.01166617292695758,0.001832450116772298
1165,0.011663480857846695,0.001831547320696002
1166,0.011660816293861783,0.0018306524338011503
1167,0.011658179472499584,0.0018297655639365137
1168,0.011655570616062573,0.0018288868137091843
1169,0.011652989931884943,0.0018280162805568254
1170,0.01165043761256307,0.001827154056820497
1171,0.011647913836185365,0.0018263002298178797
1172,0.011645418766564199,0.0018254548819171166
1173,0.011642952553467967,0.0018246180906109257
1174,0.01164051533285482,0.001823789928590887
1175,0.011638107227106294,0.001822970463823421
1176,0.011635728345262155,0.0018221597596231648
1177,0.011633378783255344,0.0018213578747295572
1178,0.01163105862414756,0.0018205648633820746
1179,0.01162876793836482,0.0018197807753959426
1180,0.011626506783933324,0.0018190056562379876
1181,0.01162427520671541,0.0018182395471025025
1182,0.011622073240645242,0.0018174824849872162
1183,0.011619900907964633,0.0018167345027692357
1184,0.011617758219458056,0.0018159956292809762
1185,0.01161564517468802,0.0018152658893859474
1186,0.01161356176222948,0.00181454530405461
1187,0.01161150795990393,0.0018138338904399418
1188,0.011609483735012586,0.0018131316619529588
1189,0.011607489044569156,0.0018124386283379487
1190,0.011605523835532016,0.0018117547957475972
1191,0.011603588045034747,0.0018110801668177932
1192,0.011601681600616282,0.001810414740742208
1193,0.011599804420450107,0.0018097585133465973
1194,0.011597956413572363,0.001809111477162711
1195,0.011596137480107903,0.0018084736215019338
1196,0.011594347511496494,0.0018078449325285753
1197,0.011592586390716355,0.0018072253933326895
1198,0.011590853992507786,0.0018066149840025923
1199,0.011589150183594046,0.0018060136816968643
1200,0.011587474822901156,0.0018054214607160011
1201,0.01158582776177653,0.0018048382925734713
1202,0.01158420884420594,0.001804264146066452
1203,0.01158261790702793,0.0018036989873459568
1204,0.011581054780147431,0.0018031427799864372
1205,0.011579519286748954,0.001802595485054971
1206,0.011578011243503588,0.0018020570611797628
1207,0.01157653046077891,0.001801527464618203
1208,0.011575076742844533,0.0018010066493242835
1209,0.011573649888076604,0.001800494567015454
1210,0.011572249689159477,0.0017999911672388928
1211,0.011570875933286156,0.0017994963974369486
1212,0.011569528402356515,0.0017990102030125783
1213,0.011568206873173108,0.0017985325273933807
1214,0.01156691111763531,0.0017980633120954932
1215,0.011565640902930732,0.001797602496786624
1216,0.011564395991725273,0.001797150019348535
1217,0.011563176142349998,0.001796705815938745
1218,0.01156198110898685,0.00179626982105172
1219,0.011560810641850917,0.0017958419675791527
1220,0.011559664487371887,0.0017954221868697678
1221,0.011558542388371366,0.0017950104087882668
1222,0.011557444084239482,0.001794606561773665
1223,0.011556369311108377,0.0017942105728968715
1224,0.011555317802024102,0.001793822367917604
1225,0.01155428928711323,0.0017934418713404661
1226,0.011553283493752573,0.0017930690064704114
1227,0.0115523001467312,0.0017927036954675207
1228,0.011551338968412485,0.0017923458594008125
1229,0.011550399678893649,0.0017919954183015546
1230,0.011549481996162235,0.0017916522912157613
1231,0.011548585636250738,0.0017913163962558782
1232,0.011547710313387858,0.0017909876506518253
1233,0.011546855740149069,0.0017906659708012143
1234,0.011546021627602236,0.0017903512723188091
1235,0.011545207685452885,0.0017900434700853186
1236,0.011544413622186023,0.0017897424782953358
1237,0.011543639145205224,0.0017894482105045835
1238,0.011542883960970291,0.001789160579676417
1239,0.0115421477751313,0.0017888794982275334
1240,0.011541430292660722,0.0017886048780728124
1241,0.011540731217982967,0.001788336630669712
1242,0.01154005025510145,0.001788074667061601
1243,0.01153938710772313,0.0017878188979204752
1244,0.011538741479380448,0.0017875692335889333
1245,0.011538113073551555,0.0017873255841212787
1246,0.011537501593776537,0.001787087859324005
1247,0.011536906743772718,0.0017868559687954884
1248,0.011536328227546733,0.0017866298219648517
1249,0.011535765749504032,0.001786409328130252
1250,0.011535219014557127,0.0017861943964962571
1251,0.011534687728229484,0.0017859849362105006
1252,0.011534171596758198,0.0017857808563996936
1253,0.011533670327194748,0.0017855820662048467
1254,0.011533183627502146,0.0017853884748156655
1255,0.011532711206650125,0.00178519999150441
1256,0.011532252774708148,0.0017850165256588389
1257,0.011531808042937061,0.0017848379868144887
1258,0.011531376723875504,0.001784664284686268
1259,0.011530958531426857,0.0017844953291993359
1260,0.011530553180942827,0.0017843310305191771
1261,0.011530160389304496,0.0017841712990810058
1262,0.01152977987500141,0.0017840160456185823
1263,0.011529411358208546,0.0017838651811921693
1264,0.011529054560860253,0.0017837186172156628
1265,0.011528709206723027,0.0017835762654835393
1266,0.011528375021465464,0.0017834380381965464
1267,0.011528051732725782,0.0017833038479870345
1268,0.011527739070177758,0.0017831736079434533
1269,0.011527436765594293,0.0017830472316342533
1270,0.011527144552908623,0.001782924633131166
1271,0.011526862168273443,0.0017828057270316193
1272,0.01152658935011867,0.001782690428480744
1273,0.011526325839205872,0.0017825786531925072
1274,0.011526071378681604,0.0017824703174704388
1275,0.011525825714128373,0.0017823653382273736
1276,0.011525588593613236,0.0017822636330048728
1277,0.011525359767735582,0.0017821651199918555
1278,0.011525138989671679,0.001782069718042659
1279,0.011524926015217617,0.0017819773466944417
1280,0.01152472060283057,0.0017818879261840208
1281,0.011524522513668202,0.0017818013774639156
1282,0.011524331511626037,0.0017817176222181662
1283,0.011524147363373306,0.0017816365828772138
1284,0.011523969838385767,0.0017815581826322892
1285,0.011523798708978194,0.001781482345449245
1286,0.011523633750334604,0.0017814089960818652
1287,0.011523474740536416,0.001781338060084429
1288,0.011523321460589,0.0017812694638239404
1289,0.01152317369444702,0.0017812031344916247
1290,0.011523031229037216,0.0017811390001139357
1291,0.01152289385428045,0.0017810769895629374
1292,0.011522761363111103,0.0017810170325663558
1293,0.01152263355149608,0.0017809590597169945
1294,0.011522510218451496,0.0017809030024814683
1295,0.011522391166057367,0.0017808487932086399
1296,0.011522276199471845,0.0017807963651374418
1297,0.011522165126943174,0.001780745652404227
1298,0.011522057759820662,0.0017806965900496027
1299,0.011521953912563556,0.0017806491140248204
1300,0.011521853402749464,0.0017806031611976522
1301,0.011521756051080193,0.001780558669357747
1302,0.011521661681387062,0.0017805155772216616
1303,0.01152157012063499,0.0017804738244372488
1304,0.01152148119892448,0.0017804333515877343
1305,0.011521394749492805,0.0017803941001953245
1306,0.01152131060871383,0.0017803560127243026
1307,0.011521228616096944,0.001780319032583768
1308,0.011521148614283928,0.0017802831041300064
1309,0.011521070449045592,0.0017802481726682405
1310,0.011520993969276366,0.0017802141844541774
1311,0.01152091902698851,0.0017801810866951214
1312,0.011520845477304803,0.0017801488275505182
1313,0.011520773178450154,0.0017801173561324888
1314,0.01152070199174213,0.0017800866225054866
1315,0.01152063178158068,0.001780056577686005
1316,0.011520562415436647,0.0017800271736416963
1317,0.011520493763839177,0.001779998363290279
1318,0.01152042570036252,0.0017799701004979388
1319,0.011520358101611608,0.0017799423400774875
1320,0.011520290847206655,0.00177991503778619
1321,0.011520223819767143,0.0017798881503232455
1322,0.011520156904890822,0.0017798616353269254
1323,0.011520089991145245,0.0017798354513713765
1324,0.01152002297005122,0.0017798095579633685
1325,0.011519955736039766,0.0017797839155383366
1326,0.011519888186454635,0.0017797584854563973
1327,0.01151982022152446,0.0017797332299980479
1328,0.011519751744341165,0.0017797081123595345
1329,0.011519682660837307,0.001779683096648017
1330,0.011519612879763276,0.0017796581478764567
1331,0.011519542312663273,0.0017796332319582292
1332,0.011519470873850959,0.0017796083157012807
1333,0.011519398480749232,0.0017795833669274946
1334,0.011519325052411638,0.0017795583539673948
1335,0.01151925051166777,0.0017795332464018675
1336,0.011519174783653805,0.001779508014557086
1337,0.01151909779614479,0.0017794826296224002
1338,0.011519019479526932,0.001779457063643385
1339,0.011518939766769447,0.0017794312895146234
1340,0.011518858593396054,0.0017794052809724029
1341,0.011518775897455561,0.0017793790125871733
1342,0.011518691619492616,0.001779352459755796
1343,0.01151860570251768,0.0017793255986937107
1344,0.01151851809197689,0.0017792984064268292
1345,0.011518428735721228,0.001779270860783328
1346,0.011518337583975833,0.0017792429403853313
1347,0.011518244589308394,0.0017792146246403276
1348,0.011518149706597898,0.0017791858937325562
1349,0.011518052893002399,0.0017791567286142495
1350,0.011517954107927096,0.001779127110996674
1351,0.011517853312992196,0.0017790970233410963
1352,0.011517750471999905,0.0017790664488496447
1353,0.011517645550901802,0.0017790353714560744
1354,0.011517538517765845,0.001779003775816348
1355,0.011517429342743331,0.0017789716472992284
1356,0.01151731799803522,0.0017789389719766514
1357,0.011517204457859136,0.0017789057366141752
1358,0.011517088698415476,0.0017788719286612143
1359,0.011516970697853651,0.0017788375362411926
1360,0.01151685043623866,0.0017788025481417385
1361,0.011516727895516894,0.0017787669538047337
1362,0.011516603059482381,0.001778730743316327
1363,0.011516475913742776,0.0017786939073968894
1364,0.011516346445685164,0.001778656437390874
1365,0.011516214644442486,0.0017786183252567298
1366,0.01151608050085932,0.0017785795635567236
1367,0.011515944007458027,0.00177854014544674
1368,0.011515805158404682,0.0017785000646660088
1369,0.011515663949475024,0.0017784593155268547
1370,0.011515520378020415,0.0017784178929043115
1371,0.01151537444293419,0.00177837579222593
1372,0.011515226144617866,0.001778333009461406
1373,0.011515075484947741,0.0017782895411122958
1374,0.011514922467240958,0.0017782453842016981
1375,0.011514767096222516,0.0017782005362639098
1376,0.011514609377991338,0.0017781549953341063
1377,0.011514449319987782,0.0017781087599381214
1378,0.011514286930960115,0.0017780618290820173
1379,0.011514122220931828,0.0017780142022418924
1380,0.011513955201168612,0.0017779658793536301
1381,0.01151378588414624,0.0017779168608026469
1382,0.011513614283518008,0.0017778671474137082
1383,0.011513440414082374,0.0017778167404407935
1384,0.011513264291751327,0.0017777656415569184
1385,0.011513085933518472,0.0017777138528440647
1386,0.01151290535742742,0.0017776613767831516
1387,0.011512722582540661,0.0017776082162440222
1388,0.011512537628908378,0.0017775543744755
1389,0.011512350517537502,0.0017774998550954917
1390,0.011512161270361615,0.0017774446620811442
1391,0.011511969910210165,0.001777388799759104
1392,0.011511776460778698,0.001777332272795641
1393,0.011511580946598736,0.0017772750861872273
1394,0.011511383393008938,0.0017772172452507563
1395,0.011511183826125185,0.00177715875561411
1396,0.011510982272812246,0.0017770996232066884
1397,0.011510778760654814,0.0017770398542500331
1398,0.011510573317929445,0.0017769794552484981
1399,0.011510365973576218,0.001776918432980088
1400,0.011510156757171527,0.0017768567944872575
1401,0.011509945698900344,0.0017767945470678883
1402,0.011509732829529454,0.0017767316982663117
1403,0.011509518180380502,0.0017766682558644311
1404,0.011509301783303876,0.0017766042278728733
1405,0.011509083670652244,0.0017765396225223613
1406,0.011508863875255513,0.0017764744482550454
1407,0.01150864243039495,0.0017764087137159888
1408,0.011508419369778334,0.0017763424277447626
1409,0.011508194727515254,0.001776275599367069
1410,0.01150796853809278,0.0017762082377865943
1411,0.011507740836351766,0.001776140352376792
1412,0.01150751165746302,0.0017760719526729082
1413,0.01150728103690401,0.0017760030483640523
1414,0.011507049010436329,0.0017759336492853403
1415,0.011506815614082844,0.0017758637654102145
1416,0.011506580884105794,0.0017757934068427968
1417,0.01150634485698482,0.0017757225838104377
1418,0.011506107569395836,0.0017756513066562265
1419,0.01150586905818964,0.0017755795858317863
1420,0.011505629360371621,0.0017755074318900668
1421,0.011505388513081154,0.0017754348554782427
1422,0.01150514655357193,0.0017753618673307916
1423,0.011504903519192245,0.0017752884782626093
1424,0.011504659447365935,0.001775214699162307
1425,0.011504414375573754,0.0017751405409855811
1426,0.011504168341334598,0.001775066014748681
1427,0.011503921382187395,0.0017749911315219722
1428,0.011503673535673798,0.0017749159024237312
1429,0.011503424839321024,0.0017748403386139524
1430,0.01150317533062419,0.0017747644512882015
1431,0.011502925047030186,0.0017746882516717112
1432,0.01150267402592156,0.0017746117510136048
1433,0.011502422304600673,0.0017745349605811217
1434,0.011502169920274112,0.0017744578916540157
1435,0.01150191691003772,0.0017743805555190907
1436,0.011501663310861769,0.0017743029634647877
1437,0.011501409159576745,0.0017742251267759547
1438,0.011501154492859178,0.0017741470567286589
1439,0.011500899347218154,0.001774068764585173
1440,0.01150064375898193,0.0017739902615890207
1441,0.01150038776428517,0.0017739115589602017
1442,0.011500131399056089,0.0017738326678904716
1443,0.011499874699004526,0.0017737535995387352
1444,0.01149961769960992,0.0017736743650265958
1445,0.011499360436109853,0.0017735949754339871
1446,0.011499102943488732,0.0017735154417948878
1447,0.011498845256467358,0.0017734357750932021
1448,0.011498587409491882,0.0017733559862587274
1449,0.011498329436724216,0.0017732760861631951
1450,0.011498071372031324,0.0017731960856164693
1451,0.011497813248977092,0.001773115995362838
1452,0.011497555100809336,0.0017730358260773782
1453,0.01149729696046245,0.0017729555883624877
1454,0.011497038860532193,0.0017728752927444898
1455,0.011496780833277832,0.001772794949670326
1456,0.01149652291061313,0.0017727145695043316
1457,0.011496265124097304,0.0017726341625252434
1458,0.011496007504928516,0.0017725537389231174
1459,0.011495750083936718,0.0017724733087960544
1460,0.011495492891577166,0.001772392882149451
1461,0.011495235957923627,0.0017723124688898062
1462,0.011494979312662825,0.0017722320788248489
1463,0.011494722985088347,0.0017721517216602112
1464,0.011494467004095303,0.0017720714069970505
1465,0.01149421139817505,0.0017719911443297796
1466,0.011493956195410394,0.0017719109430438579
1467,0.011493701423470776,0.0017718308124136666
1468,0.011493447109608153,0.0017717507616004991
1469,0.011493193280652616,0.001771670799650631
1470,0.011492939963008738,0.0017715909354934834
1471,0.011492687182652029,0.0017715111779398874
1472,0.011492434965125356,0.0017714315356803728
1473,0.01149218333553622,0.0017713520172836401
1474,0.011491932318553652,0.001771272631195038
1475,0.011491681938405732,0.0017711933857351711
1476,0.011491432218877369,0.001771114289098574
1477,0.011491183183308128,0.0017710353493524797
1478,0.011490934854590436,0.0017709565744356514
1479,0.011490687255167996,0.0017708779721573148
1480,0.01149044040703417,0.001770799550196116
1481,0.011490194331730742,0.001770721316099125
1482,0.011489949050347307,0.0017706432772812064
1483,0.011489704583520362,0.0017705654410240567
1484,0.011489460951432707,0.0017704878144755504
1485,0.011489218173813143,0.001770410404649073
1486,0.011488976269936063,0.001770333218422999
1487,0.011488735258621622,0.0017702562625401307
1488,0.011488495158235882,0.0017701795436072948
1489,0.011488255986691398,0.001770103068095023
1490,0.01148801776144782,0.0017700268423371979
1491,0.011487780499512688,0.001769950872530909
1492,0.011487544217442492,0.0017698751647362086
1493,0.01148730893134349,0.0017697997248760514
1494,0.011487074656873314,0.0017697245587362349
1495,0.011486841409242356,0.0017696496719653858
1496,0.01148660920321526,0.0017695750700750896
1497,0.01148637805311284,0.0017695007584399786
1498,0.011486147972814005,0.0017694267422978945
1499,0.011485918975757646,0.0017693530267501928
1500,0.011485691074945155,0.001769279616761983
1501,0.011485464282942441,0.0017692065171624816
1502,0.011485238611882814,0.001769133732645414
1503,0.011485014073469297,0.0017690612677694598
1504,0.011484790678977308,0.0017689891269587364
1505,0.011484568439258025,0.0017689173145033481
1506,0.011484347364740771,0.0017688458345599394
1507,0.011484127465436625,0.0017687746911523835
1508,0.011483908750941338,0.0017687038881723785
1509,0.011483691230438858,0.0017686334293802153
1510,0.01148347491270461,0.0017685633184055247
1511,0.011483259806109052,0.001768493558748056
1512,0.011483045918621601,0.0017684241537785147
1513,0.011482833257813917,0.001768355106739433
1514,0.011482621830864103,0.001768286420746099
1515,0.011482411644560295,0.0017682180987874494
1516,0.01148220270530503,0.0017681501437270938
1517,0.011481995019119002,0.0017680825583043164
1518,0.0114817885916455,0.0017680153451350928
1519,0.011481583428154161,0.001767948506713167
1520,0.011481379533545904,0.0017678820454111747
1521,0.011481176912356896,0.00176781596348175
1522,0.01148097556876311,0.0017677502630586955
1523,0.011480775506584714,0.0017676849461581519
1524,0.01148057672929081,0.0017676200146798326
1525,0.011480379240003698,0.0017675554704082179
1526,0.011480183041504078,0.0017674913150138674
1527,0.011479988136235192,0.0017674275500546431
1528,0.011479794526308075,0.0017673641769770363
1529,0.011479602213505842,0.001767301197117472
1530,0.011479411199288986,0.0017672386117037096
1531,0.0114792214848001,0.0017671764218561091
1532,0.011479033070868611,0.001767114628589068
1533,0.011478845958015993,0.0017670532328123943
1534,0.011478660146460554,0.0017669922353327218
1535,0.011478475636122526,0.001766931636854944
1536,0.011478292426628985,0.0017668714379836222
1537,0.011478110517319028,0.001766811639224462
1538,0.011477929907248784,0.0017667522409857408
1539,0.01147775059519647,0.0017666932435798368
1540,0.01147757257966747,0.001766634647224659
1541,0.011477395858899496,0.0017665764520451799
1542,0.011477220430867631,0.0017665186580749072
1543,0.011477046293289533,0.0017664612652574067
1544,0.01147687344363052,0.0017664042734478191
1545,0.011476701879108634,0.001766347682414386
1546,0.011476531596700052,0.0017662914918399662
1547,0.011476362593143724,0.0017662357013236182
1548,0.011476194864946878,0.001766180310382055
1549,0.011476028408389998,0.0017661253184512492
1550,0.011475863219532034,0.0017660707248879522
1551,0.01147569929421537,0.0017660165289712676
1552,0.011475536628070944,0.0017659627299041552
1553,0.01147537521652335,0.0017659093268150214
1554,0.01147521505479601,0.0017658563187592086
1555,0.011475056137915949,0.0017658037047206681
1556,0.011474898460719118,0.0017657514836133478
1557,0.011474742017855024,0.0017656996542828403
1558,0.011474586803792148,0.001765648215507889
1559,0.011474432812822575,0.0017655971660019368
1560,0.011474280039067067,0.0017655465044146622
1561,0.011474128476479868,0.001765496229333516
1562,0.011473978118853752,0.001765446339285227
1563,0.011473828959824649,0.0017653968327373502
1564,0.01147368099287681,0.0017653477080997728
1565,0.011473534211347074,0.0017652989637262147
1566,0.011473388608430038,0.0017652505979157272
1567,0.011473244177182526,0.0017652026089142504
1568,0.011473100910528474,0.0017651549949160089
1569,0.011472958801263465,0.0017651077540650365
1570,0.011472817842059247,0.001765060884456654
1571,0.011472678025468327,0.001765014384138928
1572,0.011472539343928867,0.0017649682511141056
1573,0.01147240178976845,0.0017649224833401062
1574,0.011472265355209184,0.001764877078731902
1575,0.011472130032371627,0.0017648320351629167
1576,0.011471995813279422,0.0017647873504665506
1577,0.011471862689863518,0.0017647430224374703
1578,0.011471730653966358,0.0017646990488330526
1579,0.011471599697346228,0.0017646554273747172
1580,0.011471469811681246,0.0017646121557493585
1581,0.011471340988573654,0.001764569231610649
1582,0.011471213219553736,0.0017645266525803604
1583,0.011471086496083853,0.0017644844162497519
1584,0.011470960809562523,0.001764442520180814
1585,0.011470836151328344,0.0017644009619076444
1586,0.01147071251266355,0.0017643597389376514
1587,0.011470589884798207,0.0017643188487528755
1588,0.011470468258913713,0.0017642782888112332
1589,0.011470347626146656,0.0017642380565477535
1590,0.011470227977592366,0.0017641981493758164
1591,0.01147010930430851,0.00176415856468836
1592,0.011469991597318752,0.0017641192998590423
1593,0.01146987484761602,0.0017640803522434808
1594,0.011469759046166247,0.001764041719180386
1595,0.011469644183911502,0.0017640033979927261
1596,0.011469530251773294,0.0017639653859888125
1597,0.011469417240656102,0.0017639276804634972
1598,0.011469305141450208,0.0017638902786992119
1599,0.011469193945035155,0.0017638531779670618
1600,0.011469083642282683,0.0017638163755279161
1601,0.0114689742240598,0.001763779868633452
1602,0.011468865681231899,0.0017637436545271808
1603,0.011468758004665546,0.0017637077304454934
1604,0.011468651185231375,0.0017636720936186137
1605,0.011468545213806936,0.001763636741271638
1606,0.011468440081279351,0.0017636016706254719
1607,0.011468335778548108,0.0017635668788978064
1608,0.011468232296527747,0.0017635323633040086
1609,0.011468129626150434,0.0017634981210580937
1610,0.011468027758368287,0.0017634641493735714
1611,0.011467926684156027,0.0017634304454643781
1612,0.011467826394513573,0.001763397006545727
1613,0.01146772688046796,0.0017633638298349332
1614,0.01146762813307608,0.0017633309125522848
1615,0.011467530143426698,0.0017632982519218345
1616,0.011467432902642715,0.0017632658451721835
1617,0.011467336401883153,0.0017632336895373269
1618,0.011467240632345646,0.0017632017822573373
1619,0.01146714558526804,0.0017631701205791618
1620,0.011467051251930588,0.0017631387017573359
1621,0.011466957623657743,0.001763107523054715
1622,0.01146686469182023,0.0017630765817431538
1623,0.011466772447836707,0.0017630458751041601
1624,0.011466680883175503,0.0017630154004296393
1625,0.011466589989356466,0.0017629851550224653
1626,0.01146649975795246,0.00176295513619711
1627,0.011466410180591136,0.001762925341280324
1628,0.011466321248956322,0.0017628957676116606
1629,0.011466232954789693,0.0017628664125440992
1630,0.011466145289892028,0.0017628372734446185
1631,0.01146605824612483,0.0017628083476946988
1632,0.011465971815411487,0.0017627796326908978
1633,0.011465885989738663,0.0017627511258453475
1634,0.011465800761157623,0.001762722824586246
1635,0.01146571612178532,0.0017626947263583881
1636,0.01146563206380553,0.0017626668286235636
1637,0.011465548579470065,0.0017626391288610747
1638,0.011465465661099836,0.0017626116245681542
1639,0.011465383301085263,0.0017625843132602862
1640,0.011465301491888161,0.0017625571924717632
1641,0.01146522022604242,0.001762530259756084
1642,0.011465139496154946,0.0017625035126862725
1643,0.011465059294906222,0.0017624769488552563
1644,0.011464979615051277,0.0017624505658762105
1645,0.011464900449420215,0.001762424361382872
1646,0.01146482179091909,0.0017623983330299015
1647,0.011464743632530663,0.0017623724784931525
1648,0.011464665967314614,0.0017623467954699782
1649,0.011464588788408692,0.001762321281679527
1650,0.011464512089028768,0.0017622959348629942
1651,0.011464435862469691,0.001762270752783882
1652,0.011464360102105461,0.001762245733228224
1653,0.0114642848013899,0.0017622208740048371
1654,0.01146420995385683,0.0017621961729455099
1655,0.011464135553120619,0.0017621716279052234
1656,0.011464061592876367,0.0017621472367623375
1657,0.011463988066900167,0.001762122997418743
1658,0.011463914969049454,0.0017620989078000623
1659,0.011463842293263112,0.0017620749658557844
1660,0.01146377003356167,0.0017620511695593864
1661,0.011463698184047454,0.0017620275169085143
1662,0.011463626738904687,0.001762004005925028
1663,0.011463555692399577,0.0017619806346551874
1664,0.011463485038880368,0.0017619574011696743
1665,0.011463414772777162,0.0017619343035637162
1666,0.01146334488860221,0.0017619113399571684
1667,0.011463275380949656,0.0017618885084945458
1668,0.011463206244840268,0.0017618658074582626
1669,0.011463137474340494,0.001761843234815342
1670,0.011463069064636162,0.0017618207888984144
1671,0.011463001010648243,0.0017617984679511197
1672,0.011462933307378726,0.001761776270241936
1673,0.011462865949910713,0.001761754194064174
1674,0.011462798933408132,0.0017617322377359791
1675,0.011462732253115334,0.001761710399600325
1676,0.011462665904357008,0.0017616886780249736
1677,0.01146259988253773,0.0017616670714024514
1678,0.011462534183141623,0.0017616455781500166
1679,0.011462468801732073,0.0017616241967095899
1680,0.011462403733951174,0.0017616029255477109
1681,0.01146233897519656,0.0017615817630499374
1682,0.011462274521914338,0.0017615607079434594
1683,0.011462210369656091,0.00176153975866216
1684,0.011462146514375122,0.0017615189137703414
1685,0.011462082952101108,0.0017614981718564945
1686,0.011462019678939929,0.0017614775315332326
1687,0.01146195669107318,0.0017614569914371815
1688,0.011461893984757247,0.0017614365502288446
1689,0.011461831556323151,0.0017614162065925118
1690,0.011461769402175716,0.001761395959236097
1691,0.011461707518793064,0.001761375806891036
1692,0.011461645902726109,0.0017613557483121122
1693,0.011461584550597818,0.0017613357822773453
1694,0.011461523459102648,0.001761315907587817
1695,0.011461462625005735,0.001761296123067513
1696,0.011461402045142568,0.001761276427563184
1697,0.011461341716417913,0.0017612568199441413
1698,0.011461281635805481,0.0017612372991021251
1699,0.011461221800346942,0.0017612178639510923
1700,0.011461162207151604,0.0017611985134270746
1701,0.011461102853395256,0.0017611792464879436
1702,0.011461043736319683,0.0017611600621132589
1703,0.011460984853231894,0.0017611409593040637
1704,0.011460926201503484,0.0017611219370826836
1705,0.011460867778569883,0.0017611029944925825
1706,0.01146080958192965,0.0017610841305980799
1707,0.011460751609143135,0.0017610653444841075
1708,0.011460693857831997,0.001761046635256056
1709,0.011460636325678595,0.0017610280020395371
1710,0.011460579010425253,0.0017610094439801962
1711,0.011460521909873282,0.0017609909602434716
1712,0.01146046502188212,0.001760972550014378
1713,0.011460408344368808,0.0017609542124972831
1714,0.011460351875307102,0.0017609359469156639
1715,0.011460295612726634,0.0017609177525119
1716,0.011460239554711796,0.0017608996285470174
1717,0.011460183699401386,0.001760881574300452
1718,0.011460128044987654,0.0017608635890698267
1719,0.011460072589715138,0.0017608456721707124
1720,0.011460017331880405,0.001760827822936364
1721,0.011459962269830632,0.0017608100407174962
1722,0.011459907401963149,0.0017607923248820479
1723,0.011459852726724696,0.0017607746748149154
1724,0.01145979824261023,0.0017607570899177063
1725,0.011459743948162193,0.001760739569608513
1726,0.01145968984196979,0.0017607221133216565
1727,0.011459635922668398,0.001760704720507419
1728,0.011459582188937993,0.001760687390631812
1729,0.011459528639503102,0.0017606701231763263
1730,0.011459475273131578,0.0017606529176376765
1731,0.011459422088633934,0.0017606357735275608
1732,0.011459369084862107,0.0017606186903723839
1733,0.011459316260709333,0.0017606016677130345
1734,0.0114592636151088,0.0017605847051045981
1735,0.011459211147032846,0.0017605678021161502
1736,0.011459158855492287,0.0017605509583304732
1737,0.011459106739535886,0.0017605341733438068
1738,0.011459054798248929,0.0017605174467656517
1739,0.011459003030752996,0.0017605007782184351
1740,0.011458951436204672,0.001760484167337318
1741,0.011458900013795143,0.001760467613769918
1742,0.011458848762749113,0.0017604511171760617
1743,0.011458797682324062,0.0017604346772275513
1744,0.011458746771809566,0.0017604182936079103
1745,0.011458696030526587,0.001760401966012144
1746,0.011458645457826492,0.001760385694146469
1747,0.011458595053090442,0.0017603694777281193
1748,0.011458544815728397,0.0017603533164850613
1749,0.01145849474517877,0.0017603372101557728
1750,0.011458444840907385,0.0017603211584889963
1751,0.011458395102406682,0.0017603051612434932
1752,0.011458345529195115,0.00176028921818783
1753,0.011458296120816527,0.0017602733291001166
1754,0.011458246876839067,0.0017602574937677915
1755,0.011458197796854943,0.0017602417119873793
1756,0.011458148880479281,0.001760225983564263
1757,0.011458100127349618,0.0017602103083124553
1758,0.011458051537125199,0.0017601946860543675
1759,0.011458003109486305,0.0017601791166205884
1760,0.011457954844133382,0.0017601635998496616
1761,0.011457906740786707,0.0017601481355878597
1762,0.011457858799185407,0.001760132723688962
1763,0.01145781101908707,0.0017601173640140523
1764,0.011457763400266706,0.0017601020564312795
1765,0.011457715942279643,0.0017600868007395247
1766,0.011457668645409017,0.001760071596973034
1767,0.011457621509241412,0.0017600564449435083
1768,0.01145757453361627,0.0017600413445453295
1769,0.011457527718387508,0.0017600262956788885
1770,0.011457481063423062,0.0017600112982504245
1771,0.01145743456860394,0.0017599963521717928
1772,0.011457388233824351,0.0017599814573603125
1773,0.011457342058990171,0.001759966613738535
1774,0.011457296044019353,0.0017599518212340437
1775,0.011457250188840359,0.0017599370797792997
1776,0.011457204493392567,0.0017599223893114318
1777,0.011457158957624995,0.0017599077497720457
1778,0.011457113581496238,0.0017598931611070563
1779,0.011457068364973745,0.0017598786232665153
1780,0.011457023308033294,0.0017598641362044007
1781,0.011456978410658517,0.0017598496998784807
1782,0.011456933672840435,0.001759835314250108
1783,0.011456889094576922,0.0017598209792840799
1784,0.011456844675872241,0.0017598066949484517
1785,0.011456800416736568,0.00175979246121436
1786,0.011456756317185535,0.0017597782780559034
1787,0.011456712377239782,0.001759764145449954
1788,0.011456668596924473,0.0017597500633759922
1789,0.011456624976268842,0.001759736031815972
1790,0.011456581515305868,0.0017597220507541767
1791,0.01145653821407201,0.0017597081201770391
1792,0.011456495072606055,0.0017596942400730168
1793,0.011456452090949927,0.0017596804104324764
1794,0.011456409269147084,0.0017596666312474794
1795,0.011456366607242792,0.0017596529025117162
1796,0.011456324105283749,0.0017596392242203423
1797,0.011456281763317495,0.001759625596369836
1798,0.011456239581392167,0.0017596120189578867
1799,0.011456197559556338,0.0017595984919832588
1800,0.011456155697858059,0.0017595850154456772
1801,0.011456113996345262,0.0017595715893456891
1802,0.011456072455065119,0.0017595582136845634
1803,0.011456031074063582,0.0017595448884641558
1804,0.011455989853385317,0.0017595316136867988
1805,0.011455948793073318,0.0017595183893552115
1806,0.011455907893168431,0.0017595052154723647
1807,0.01145586715370948,0.0017594920920413902
1808,0.0114558265747326,0.0017594790190654614
1809,0.01145578615627134,0.0017594659965477252
1810,0.011455745898355924,0.0017594530244911554
1811,0.011455705801013462,0.0017594401028985115
1812,0.011455665864267507,0.0017594272317721985
1813,0.011455626088137758,0.0017594144111141988
1814,0.011455586472640087,0.0017594016409259899
1815,0.01145554701778599,0.0017593889212084428
1816,0.011455507723582562,0.0017593762519617433
1817,0.01145546859003227,0.0017593636331853073
1818,0.011455429617132733,0.0017593510648777255
1819,0.011455390804876599,0.0017593385470366677
1820,0.011455352153251311,0.0017593260796587944
1821,0.011455313662238864,0.0017593136627397177
1822,0.011455275331815803,0.0017593012962739143
1823,0.011455237161953085,0.0017592889802546638
1824,0.011455199152615501,0.0017592767146739868
1825,0.011455161303762037,0.0017592644995225708
1826,0.011455123615345614,0.0017592523347897133
1827,0.011455086087312761,0.0017592402204632885
1828,0.011455048719603568,0.001759228156529649
1829,0.011455011512151624,0.0017592161429736243
1830,0.011454974464884094,0.0017592041797784093
1831,0.011454937577721177,0.0017591922669255647
1832,0.011454900850576316,0.0017591804043949636
1833,0.011454864283355907,0.0017591685921647204
1834,0.011454827875959677,0.001759156830211171
1835,0.011454791628279747,0.0017591451185088162
1836,0.01145475554020146,0.001759133457030306
1837,0.011454719611602623,0.0017591218457463844
1838,0.011454683842354024,0.0017591102846258545
1839,0.011454648232318785,0.0017590987736355393
1840,0.01145461278135277,0.0017590873127402938
1841,0.011454577489304254,0.0017590759019029015
1842,0.011454542356014188,0.001759064541084121
1843,0.011454507381315631,0.0017590532302426132
1844,0.011454472565034377,0.001759041969334943
1845,0.011454437906988356,0.001759030758315539
1846,0.011454403406987989,0.0017590195971366766
1847,0.011454369064835946,0.0017590084857484682
1848,0.01145433488015678,0.001758997424043669
1849,0.011454300853079597,0.0017589864120786166
1850,0.011454266983212827,0.001758975449741388
1851,0.01145423327032829,0.0017589645369732784
1852,0.01145419971419028,0.0017589536737133327
1853,0.011454166314555368,0.0017589428598983649
1854,0.011454133071172443,0.0017589320954629235
1855,0.011454099983782773,0.0017589213803392981
1856,0.01145406705211994,0.001758910714457518
1857,0.011454034275909832,0.00175890009774534
1858,0.011454001654870942,0.0017588895301282616
1859,0.011453969188714146,0.001758879011529499
1860,0.011453936877142787,0.001758868541869996
1861,0.011453904719852658,0.0017588581210684347
1862,0.011453872716532075,0.0017588477490412299
1863,0.011453840866862202,0.0017588374257025286
1864,0.011453809170516648,0.0017588271509642317
1865,0.011453777627161717,0.0017588169247359836
1866,0.011453746236456733,0.001758806746925197
1867,0.011453714998053404,0.0017587966174370496
1868,0.01145368391159684,0.0017587865361744926
1869,0.011453652976724512,0.001758776503038266
1870,0.01145362219306744,0.0017587665179269144
1871,0.011453591560249391,0.0017587565807367954
1872,0.011453561077887345,0.0017587466913620959
1873,0.011453530745591495,0.0017587368496948346
1874,0.011453500562965322,0.0017587270556249073
1875,0.011453470529605672,0.0017587173090400667
1876,0.01145344064510308,0.0017587076098259716
1877,0.011453410909041154,0.0017586979578661937
1878,0.011453381320997442,0.0017586883530422276
1879,0.011453351880543139,0.0017586787952335264
1880,0.011453322587243098,0.0017586692843175175
1881,0.011453293440656381,0.0017586598201696033
1882,0.011453264440335545,0.001758650402663227
1883,0.011453235585827616,0.0017586410316698514
1884,0.01145320687667346,0.0017586317070590154
1885,0.011453178312408488,0.0017586224286983273
1886,0.011453149892562329,0.0017586131964535188
1887,0.011453121616658837,0.0017586040101884642
1888,0.011453093484216767,0.001758594869765179
1889,0.011453065494749252,0.0017585857750438978
1890,0.011453037647764472,0.0017585767258830464
1891,0.011453009942765217,0.0017585677221393045
1892,0.011452982379249198,0.0017585587636676275
1893,0.011452954956709225,0.0017585498503212657
1894,0.011452927674633538,0.0017585409819517999
1895,0.01145290053250525,0.0017585321584091694
1896,0.011452873529803054,0.001758523379541697
1897,0.011452846666001241,0.001758514645196125
1898,0.011452819940569329,0.0017585059552176364
1899,0.01145279335297274,0.001758497309449911
1900,0.011452766902672858,0.001758488707735126
1901,0.01145274058912691,0.0017584801499140074
1902,0.011452714411787872,0.0017584716358258338
1903,0.011452688370105303,0.0017584631653085284
1904,0.011452662463524547,0.0017584547381986097
1905,0.011452636691487803,0.001758446354331278
1906,0.011452611053433481,0.001758438013540449
1907,0.01145258554879631,0.0017584297156587477
1908,0.011452560177008244,0.0017584214605175805
1909,0.011452534937497661,0.0017584132479471293
1910,0.011452509829689927,0.0017584050777764491
1911,0.011452484853007485,0.0017583969498334092
1912,0.011452460006869808,0.001758388863944807
1913,0.011452435290693976,0.0017583808199363655
1914,0.011452410703893903,0.0017583728176327714
1915,0.01145238624588128,0.0017583648568577036
1916,0.011452361916065398,0.001758356937433879
1917,0.011452337713853043,0.001758349059183064
1918,0.011452313638648829,0.0017583412219261232
1919,0.011452289689855516,0.0017583334254830491
1920,0.011452265866873437,0.00175832566967301
1921,0.011452242169101443,0.0017583179543143562
1922,0.01145221859593643,0.0017583102792246598
1923,0.011452195146773403,0.0017583026442207622
1924,0.011452171821006378,0.0017582950491187997
1925,0.011452148618027257,0.0017582874937342363
1926,0.011452125537226996,0.00175827997788188
1927,0.011452102577995211,0.0017582725013759522
1928,0.011452079739720258,0.0017582650640300822
1929,0.011452057021789525,0.0017582576656573656
1930,0.011452034423589412,0.0017582503060703646
1931,0.011452011944505363,0.0017582429850811735
1932,0.011451989583810968,0.0017582357024651103
1933,0.011451967341113681,0.001758228458106237
1934,0.011451945215685004,0.0017582212517788668
1935,0.011451923206908021,0.0017582140832934877
1936,0.011451901314165725,0.001758206952460244
1937,0.011451879536840289,0.00175819985908899
1938,0.01145185787431406,0.001758192802989326
1939,0.011451836325969226,0.0017581857839705914
1940,0.011451814891187849,0.0017581788018419552
1941,0.011451793569352582,0.0017581718564123744
1942,0.011451772359845562,0.0017581649474906773
1943,0.011451751262049552,0.0017581580748855872
1944,0.011451730275347564,0.0017581512384056963
1945,0.011451709399123414,0.0017581444378595803
1946,0.011451688632760732,0.0017581376730557402
1947,0.011451667975644314,0.0017581309438026841
1948,0.011451647427159454,0.001758124249908951
1949,0.011451626986692068,0.001758117591183129
1950,0.011451606653629423,0.001758110967433856
1951,0.011451586427359077,0.0017581043784699044
1952,0.011451566307269923,0.0017580978241001502
1953,0.01145154629275191,0.001758091304133621
1954,0.011451526383196197,0.0017580848183795317
1955,0.011451506577994998,0.0017580783666472995
1956,0.011451486876541836,0.0017580719487465546
1957,0.011451467278231842,0.0017580655644871927
1958,0.011451447782461158,0.0017580592136793886
1959,0.011451428388627947,0.001758052896133603
1960,0.011451409096131552,0.0017580466116606153
1961,0.0114513899043731,0.0017580403600715477
1962,0.011451370812755242,0.0017580341411778879
1963,0.011451351820682595,0.0017580279547915326
1964,0.011451332927561461,0.0017580218007247571
1965,0.011451314132800289,0.0017580156787902845
1966,0.01145129543580911,0.0017580095888013038
1967,0.01145127683600018,0.0017580035305714546
1968,0.011451258332787803,0.0017579975039148882
1969,0.011451239925588318,0.0017579915086462453
1970,0.01145122161382036,0.0017579855445807005
1971,0.011451203396904365,0.0017579796115339873
1972,0.011451185274263724,0.0017579737093224147
1973,0.011451167245323503,0.0017579678377628602
1974,0.01145114930951156,0.0017579619966727978
1975,0.011451131466257859,0.0017579561858703603
1976,0.011451113714994856,0.0017579504051742786
1977,0.011451096055158037,0.0017579446544039618
1978,0.011451078486184544,0.0017579389333794695
1979,0.01145106100751479,0.0017579332419215656
1980,0.01145104361859145,0.0017579275798517105
1981,0.011451026318860226,0.001757921946992067
1982,0.011451009107769026,0.001757916343165567
1983,0.0114509919847691,0.0017579107681958426
1984,0.011450974949314022,0.0017579052219073219
1985,0.011450958000860365,0.0017578997041251898
1986,0.011450941138867493,0.001757894214675413
1987,0.01145092436279763,0.0017578887533847472
1988,0.011450907672116149,0.0017578833200807987
1989,0.011450891066290807,0.001757877914591933
1990,0.011450874544792891,0.0017578725367473954
1991,0.01145085810709632,0.0017578671863772589
1992,0.01145084175267829,0.0017578618633124594
1993,0.011450825481018882,0.0017578565673847882
1994,0.011450809291601274,0.0017578512984269244
1995,0.011450793183911845,0.001757846056272429
1996,0.011450777157439772,0.0017578408407557511
1997,0.011450761211677932,0.00175783565171224
1998,0.01145074534612178,0.001757830488978166
1999,0.01145072956027021,0.001757825352390725
