,MAPK_P,MAPK_P_P,pERK,t_pERK
0,0.0,0.0,0.0,0.0
1,5.535793258411603e-11,2.677552651780511e-20,5.535793261089156e-11,5.0
2,2.1585588370562677e-08,3.509542359993683e-15,2.158559188010504e-08,10.0
3,4.117586633347268e-07,1.2017540149672355e-12,4.117598650887418e-07,15.0
4,2.5904942694206593e-06,4.6205712685238844e-11,2.5905404751333446e-06,20.0
5,9.294103918391485e-06,5.863256488839722e-10,9.294690244040369e-06,25.0
6,2.393109159013235e-05,3.862792243067686e-09,2.3934954382375417e-05,30.0
7,4.9689526124193106e-05,1.662825020514701e-08,4.9706154374398256e-05,35.0
8,8.890103280900774e-05,5.331491601582279e-08,8.895434772502357e-05,40.0
9,0.00014276923813245516,1.3803943419757512e-07,0.00014290727756665275,45.0
10,0.00021138420637752068,3.04312457817052e-07,0.00021168851883533773,50.0
11,0.0002939076593874475,5.924137667644519e-07,0.00029450007315421197,55.0
12,0.00038883089550315704,1.045283254055381e-06,0.0003898761787572124,60.0
13,0.0004942373076043938,1.7040901897004007e-06,0.0004959413977940942,65.0
14,0.0006080301361469204,2.604453495912214e-06,0.0006106345896428326,70.0
15,0.0007281085554027689,3.773860628963604e-06,0.0007318824160317325,75.0
16,0.0008524901635854958,5.2304108789393695e-06,0.0008577205744644351,80.0
17,0.0009793862789252955,6.9827157592964795e-06,0.000986368994684592,85.0
18,0.001107239886494476,9.030647633100638e-06,0.0011162705341275767,90.0
19,0.0012347364585337916,1.1366604550282027e-05,0.0012461030630840737,95.0
20,0.001360796647049942,1.397700568703506e-05,0.001374773652736977,100.0
21,0.001484558010391252,1.6843806205876737e-05,0.0015014018165971288,105.0
22,0.001605351060642422,1.9945895763649114e-05,0.0016252969564060711,110.0
23,0.0017226732854973205,2.3260307683084097e-05,0.0017459335931804046,115.0
24,0.0018361635027939133,2.67632116880965e-05,0.0018629267144820098,120.0
25,0.0019455779449238878,3.0430693021127882e-05,0.001976008637945016,125.0
26,0.002050768795993453,3.4239337884444425e-05,0.0020850081338778977,130.0
27,0.0021516654558567535,3.8166653097834216e-05,0.0021898321089545876,135.0
28,0.00224825852359636,4.219134983901261e-05,0.0022904498734353726,140.0
29,0.0023405863296207655,4.629351979647921e-05,0.0023868798494172446,145.0
30,0.0024287237620547143,5.045472874882841e-05,0.0024791784908035426,150.0
31,0.0025127731012754497,5.465804861041725e-05,0.002567431149885867,155.0
32,0.0025928565762912904,5.888804501613761e-05,0.002651744621307428,160.0
33,0.002669110374515967,6.313073391014586e-05,0.002732241108426113,165.0
34,0.00274167986337722,6.737351750604826e-05,0.0028090533808832682,170.0
35,0.002810715812433977,7.160510743090467e-05,0.0028823209198648816,175.0
36,0.0028763714348388116,7.581544081893876e-05,0.00295218687565775,180.0
37,0.0029388000951897906,7.999559351956833e-05,0.003018795688709359,185.0
38,0.0029981535561208646,8.413769335544078e-05,0.0030822912494763055,190.0
39,0.00305458065806817,8.823483543857023e-05,0.0031428154935067404,195.0
40,0.0031082263455463176,9.228100086350682e-05,0.0032005073464098244,200.0
41,0.0031592309692014225,9.627097959193185e-05,0.0032555019487933543,205.0
42,0.0032077298061866993,0.00010020029797961185,0.003307930104166311,210.0
43,0.003253852752388761,0.00010406515113932949,0.00335791790352809,215.0
44,0.003297724149041712,0.0001078623401552938,0.0034055864891970058,220.0
45,0.0033394627136256847,0.00011158921404421675,0.0034510519276699015,225.0
46,0.0033791815509320667,0.00011524361628042804,0.0034944251672124945,230.0
47,0.0034169882250256224,0.00011882383565485686,0.0035358120606804795,235.0
48,0.0034529848767516323,0.00012232856121164093,0.0035753134379632734,240.0
49,0.0034872683745955963,0.00012575684099504518,0.0036130252155906414,245.0
50,0.003519930489245628,0.0001291080443386929,0.003649038533584321,250.0
51,0.0035510580842494084,0.0001323818274349204,0.003683439911684329,255.0
52,0.0035807333167943364,0.00013557810193268885,0.003716311418727025,260.0
53,0.0036090338439543827,0.00013869700632521232,0.003747730850279595,265.0
54,0.003636033030794001,0.00014173887990290372,0.0037777719106969047,270.0
55,0.0036618001575582835,0.00014470423906220927,0.0038065043966204926,275.0
56,0.0036864006238487485,0.0001475937557755975,0.003833994379624346,280.0
57,0.0037098961482127982,0.00015040823804254505,0.0038603043862553434,285.0
58,0.003732344961999508,0.0001531486121552578,0.003885493574154766,290.0
59,0.00375380199666859,0.00015581590662580908,0.003909617903294399,295.0
60,0.003774319064001828,0.00015841123763377703,0.003932730301635605,300.0
61,0.0037939450288754393,0.00016093579586487304,0.0039548808247403125,305.0
62,0.0038127259744118055,0.00016339083462150775,0.0039761168090333135,310.0
63,0.003830705359456636,0.00016577765909620297,0.003996483018552839,315.0
64,0.0038479241684236075,0.00016809761670767503,0.004016021785131283,320.0
65,0.0038644210536214418,0.00017035208840761296,0.0040347731420290545,325.0
66,0.0038802324702353398,0.00017254248087403317,0.004052774951109373,330.0
67,0.00389539280417272,0.00017467021951374839,0.004070063023686468,335.0
68,0.003909934493014144,0.00017673674220326948,0.004086671235217413,340.0
69,0.003923888140328361,0.00017874349370293615,0.004102631634031298,345.0
70,0.0039372826236237415,0.00018069192068490128,0.004117974544308642,350.0
71,0.003950145196213167,0.00018258346732014148,0.004132728663533309,355.0
72,0.003962501583273203,0.00018441957137448826,0.004146921154647692,360.0
73,0.003974376072377691,0.00018620166076770538,0.004160577733145396,365.0
74,0.003985791598776547,0.0001879311505535235,0.004173722749330071,370.0
75,0.0039967698256943105,0.00018960944028197194,0.004186379265976282,375.0
76,0.004007331219903032,0.00019123791170868882,0.004198569131611721,380.0
77,0.0040174951228285705,0.00019281792681873135,0.004210313049647302,385.0
78,0.00402727981742838,0.00019435082613524103,0.004221630643563621,390.0
79,0.004036702591078323,0.00019583792728570179,0.004232540518364025,395.0
80,0.004045779794689167,0.00019728052380091866,0.004243060318490086,400.0
81,0.004054526898270158,0.00019867988412391782,0.004253206782394076,405.0
82,0.004062958543138576,0.00020003725080789867,0.004262995793946475,410.0
83,0.004071088590973402,0.00020135383988415122,0.004272442430857553,415.0
84,0.00407893016989271,0.00020263084038254188,0.004281561010275252,420.0
85,0.004086495717734074,0.0002038694139886059,0.0042903651317226805,425.0
86,0.004093797022700232,0.00020507069482276916,0.004298867717523002,430.0
87,0.004100845261529464,0.00020623578932857666,0.004307081050858041,435.0
88,0.004107651035353272,0.00020736577625859033,0.004315016811611862,440.0
89,0.004114224403427063,0.00020846170675046174,0.004322686110177525,445.0
90,0.004120574915099862,0.00020952460449859202,0.004330099519598454,450.0
91,0.004126711641174265,0.00021055546608216217,0.0043372671072564265,455.0
92,0.004132643209374985,0.00021155526175411146,0.004344198471129097,460.0
93,0.00413837786463642,0.00021252493808650346,0.004350902802722924,465.0
94,0.004143923646527552,0.00021346542875432618,0.004357389075281878,470.0
95,0.004149289096666652,0.00021437770163915948,0.004363666798305811,475.0
96,0.0041544863433066685,0.00021526296854812045,0.0043697493118547885,480.0
97,0.0041595448201579175,0.00021612362276686166,0.004375668442924779,485.0
98,0.004164572356848375,0.00021696742057346224,0.004381539777421837,490.0
99,0.004170023757426614,0.00021782585295023043,0.004387849610376844,495.0
100,0.0041778182188793415,0.00021883010205337095,0.004396648320932712,500.0
101,0.004195230981967294,0.00022047106924300648,0.0044157020512103,505.0
102,0.004244144520583518,0.0002242113485262746,0.004468355869109793,510.0
103,0.004373816709149509,0.00023342818699669942,0.004607244896146208,515.0
104,0.0046687365877948845,0.00025460822409599895,0.004923344811890883,520.0
105,0.0052408912968040094,0.0002990511035825772,0.005539942400386587,525.0
106,0.006203538540803343,0.00038560846140684894,0.006589147002210192,530.0
107,0.0076385585031571385,0.00054420504667237,0.00818276354982951,535.0
108,0.009573570548525227,0.0008182345242593388,0.010391805072784565,540.0
109,0.011976650324531405,0.0012635358723313026,0.013240186196862708,545.0
110,0.014766694019078756,0.001943307758971103,0.01671000177804986,550.0
111,0.017832390517705833,0.0029204531558135213,0.020752843673519355,555.0
112,0.021052482704460567,0.004249840534071894,0.02530232323853246,560.0
113,0.024312356284530327,0.005972552439725129,0.030284908724255453,565.0
114,0.02751486045362481,0.008113073641270306,0.03562793409489512,570.0
115,0.030585424032642805,0.0106793348253203,0.0412647588579631,575.0
116,0.033472672089944575,0.01366495757043802,0.047137629660382596,580.0
117,0.03614607574912316,0.01705291715252307,0.05319899290164623,585.0
118,0.0385920251834084,0.0208199231567928,0.05941194834020121,590.0
119,0.04080938286581004,0.024940903308306506,0.06575028617411655,595.0
120,0.04280521804841122,0.029393005334037263,0.07219822338244848,600.0
121,0.04459112224210578,0.03415858776213486,0.07874971000424064,605.0
122,0.04618028530621107,0.039226845320764196,0.08540713062697528,610.0
123,0.047585371463329064,0.044593990808706824,0.09217936227203588,615.0
124,0.048817157745294916,0.050262178417532735,0.09907933616282766,620.0
125,0.04988386059979754,0.0562375017630343,0.10612136236283184,625.0
126,0.05079105747823391,0.06252742261887408,0.11331848009710799,630.0
127,0.05154209482034894,0.06913794377211391,0.12068003859246285,635.0
128,0.05213885728719287,0.07607079376526003,0.1282096510524529,640.0
129,0.05258275803812184,0.08332086472184061,0.13590362275996246,645.0
130,0.052875802187771305,0.0908741248511807,0.143749927038952,650.0
131,0.05302158072406482,0.09870619458143465,0.15172777530549947,655.0
132,0.053026072628725614,0.10678171982469145,0.15980779245341706,660.0
133,0.052898167316581375,0.11505460083035829,0.16795276814693966,665.0
134,0.05264986282114887,0.12346905116453155,0.17611891398568041,670.0
135,0.05229614028796104,0.13196138109413572,0.18425752138209675,675.0
136,0.051854555046480136,0.14046233401426822,0.19231688906074834,680.0
137,0.05134461327452248,0.1488997613437812,0.20024437461830366,685.0
138,0.050787018299296584,0.1572014044782053,0.20798842277750187,690.0
139,0.05020287208062469,0.16529756186685884,0.21550043394748353,695.0
140,0.04961290786948535,0.1731234514054319,0.22273635927491725,700.0
141,0.04903681316606587,0.18062112674778388,0.22965793991384975,705.0
142,0.04849268189185357,0.18774086304064372,0.2362335449324973,710.0
143,0.04799661458796152,0.19444198505946053,0.24243859964742204,715.0
144,0.047562467959532,0.20069316193514256,0.24825562989467456,720.0
145,0.047201741654233124,0.20647223270319046,0.25367397435742356,725.0
146,0.04692358129682782,0.211765653217544,0.2586892345143718,730.0
147,0.04673487228158985,0.2165676672958962,0.26330253957748606,735.0
148,0.04664039795702157,0.22087930492667365,0.2675197028836952,740.0
149,0.04664303769323618,0.22470730082279716,0.27135033851603335,745.0
150,0.04674398392654068,0.22806301091838485,0.27480699484492555,750.0
151,0.046942961745088586,0.23096138582417358,0.2779043475692622,755.0
152,0.04723843920351964,0.23342004149235335,0.28065848069587296,760.0
153,0.0476278208275731,0.23545845033065357,0.28308627115822665,765.0
154,0.048107620385222656,0.2370972618957825,0.28520488228100516,770.0
155,0.048673611821126554,0.2383577515437128,0.28703136336483936,775.0
156,0.049320959265933315,0.2392613879601057,0.28858234722603904,780.0
157,0.05004432831472041,0.2398295059512959,0.2898738342660163,785.0
158,0.050837981439832314,0.24008306869396892,0.2909210501338012,790.0
159,0.05169586059967998,0.2400425032288828,0.2917383638285628,795.0
160,0.05261165996127637,0.23972759379183928,0.29233925375311565,800.0
161,0.05357889128994691,0.23915741913860755,0.29273631042855447,805.0
162,0.05459094407420307,0.238350321974406,0.2929412660486091,810.0
163,0.055641141924790985,0.2373239006759787,0.29296504260076967,815.0
164,0.05672279627122553,0.23609501551155276,0.29281781178277827,820.0
165,0.057829257915597725,0.23467980340731037,0.2925090613229081,825.0
166,0.05895396661550103,0.2330936969164917,0.29204766353199274,830.0
167,0.06009049856708914,0.23135144439351576,0.2914419429606049,835.0
168,0.06123261144741988,0.22946712946225167,0.29069974090967154,840.0
169,0.06237428654761182,0.22745418871155276,0.28982847525916455,845.0
170,0.06350976747538013,0.22532542717900753,0.2888351946543877,850.0
171,0.06463359491472735,0.22309303162668834,0.2877266265414157,855.0
172,0.06574063698844479,0.220768581902722,0.28650921889116676,860.0
173,0.06682611486158034,0.21836306085019225,0.2851891757117726,865.0
174,0.06788562333845573,0.21588686329942922,0.28377248663788496,870.0
175,0.06891514633020006,0.21334980468518075,0.2822649510153808,875.0
176,0.0699110671951347,0.21076112978828324,0.28067219698341794,880.0
177,0.07087017407226226,0.20812952202967105,0.2789996961019333,885.0
178,0.07178966043366873,0.20546311365644865,0.2772527740901174,890.0
179,0.07266712117091131,0.20276949706605044,0.27543661823696175,895.0
180,0.0735005446013463,0.20005573742310423,0.27355628202445054,900.0
181,0.07428830083243733,0.19732838663925473,0.27161668747169204,905.0
182,0.07502912695602179,0.19459349871274587,0.26962262566876766,910.0
183,0.0757221095612692,0.19185664636314634,0.26757875592441555,915.0
184,0.07636666505699398,0.18912293884825376,0.26548960390524773,920.0
185,0.07696251828304754,0.18639704081410435,0.2633595590971519,925.0
186,0.07750967986905188,0.18368319200439842,0.2611928718734503,930.0
187,0.0780084227693221,0.18098522764136826,0.25899365041069033,935.0
188,0.07845925836734886,0.17830659928441053,0.2567658576517594,940.0
189,0.07886291250383035,0.1756503959743331,0.25451330847816345,945.0
190,0.07922030174080406,0.17301936547824778,0.25223966721905183,950.0
191,0.07953251013210832,0.17041593546164324,0.24994844559375157,955.0
192,0.07980076672879602,0.16784223442889587,0.2476430011576919,960.0
193,0.08002642400783874,0.1653001122899798,0.24532653629781853,965.0
194,0.08021093737449217,0.16279116042900657,0.24300209780349874,970.0
195,0.08035584585340967,0.16031673116825382,0.2406725770216635,975.0
196,0.08046275405139361,0.15787795653944917,0.23834071059084277,980.0
197,0.08053331544574231,0.1554757662913238,0.23600908173706614,985.0
198,0.08056921702659198,0.1531109050786425,0.23368012210523448,990.0
199,0.08057216529929098,0.1507839487933262,0.2313561140926172,995.0
200,0.08054387363390822,0.14849532001177498,0.2290391936456832,1000.0
201,0.08048605093276938,0.14624530254498294,0.2267313534777523,1005.0
202,0.08040039157389854,0.14403405508885614,0.2244344466627547,1010.0
203,0.08028856657756948,0.1418616239816233,0.22215019055919277,1015.0
204,0.08015221593502897,0.13972795508317618,0.21988017101820514,1020.0
205,0.07999294203238749,0.13763290479801563,0.21762584683040312,1025.0
206,0.0798123040985525,0.13557625026888107,0.21538855436743357,1030.0
207,0.07961181360343776,0.13355769877261284,0.21316951237605059,1035.0
208,0.07939293053178614,0.13157689635301678,0.21096982688480292,1040.0
209,0.07915706045783664,0.12963343572813926,0.2087904961859759,1045.0
210,0.07890555234734106,0.12772686351078838,0.20663241585812944,1050.0
211,0.07863969701535412,0.12585668678222253,0.20449638379757665,1055.0
212,0.07836072617074932,0.12402237905918459,0.2023831052299339,1060.0
213,0.07806981198166613,0.12222338569429285,0.200293197675959,1065.0
214,0.07776806709948852,0.120459128749205,0.19822719584869353,1070.0
215,0.07745654508279749,0.11872901137896344,0.19618555646176095,1075.0
216,0.07713624116668924,0.11703242176471636,0.1941686629314056,1080.0
217,0.07680809332684325,0.1153687366304909,0.19217682995733415,1085.0
218,0.076472983591827,0.11373732437816693,0.19021030796999394,1090.0
219,0.07613173956104625,0.11213754787289894,0.1882692874339452,1095.0
220,0.07578513608976699,0.11056876690953843,0.18635390299930543,1100.0
221,0.07543389710630385,0.1090303403886905,0.18446423749499435,1105.0
222,0.07507869753011676,0.10752162822914928,0.18260032575926605,1110.0
223,0.07472016526301176,0.1060419930416515,0.18076215830466325,1115.0
224,0.07435888322882919,0.10459080158703535,0.17894968481586454,1120.0
225,0.07399539143995537,0.1031674260401402,0.17716281748009557,1125.0
226,0.07363018907195451,0.10177124507911423,0.17540143415106874,1130.0
227,0.07326373652997384,0.10040164481806257,0.1736653813480364,1135.0
228,0.07289645749313454,0.09905801959963532,0.17195447709276987,1140.0
229,0.07252874092510027,0.09773977266252014,0.1702685135876204,1145.0
230,0.07216094304110512,0.09644631669749733,0.16860725973860247,1150.0
231,0.0717933892233846,0.09517707430450162,0.16697046352788622,1155.0
232,0.071426375878539,0.09393147836189755,0.16535785424043656,1160.0
233,0.07106017223178891,0.09270897231810399,0.1637691445498929,1165.0
234,0.07069502205427132,0.09150901041467974,0.16220403246895104,1170.0
235,0.07033114532063428,0.09033105784908987,0.16066220316972415,1175.0
236,0.0699687397951672,0.08917459088451239,0.1591433306796796,1180.0
237,0.06960798254542469,0.08803909691326343,0.1576470794586881,1185.0
238,0.06924903138314274,0.08692407447971025,0.156173105862853,1190.0
239,0.06889202623271756,0.08582903326796913,0.1547210595006867,1195.0
240,0.06853709042812293,0.0847534940590137,0.15329058448713662,1200.0
241,0.06818433193952383,0.08369698866137654,0.15188132060090037,1205.0
242,0.06783384453118814,0.08265905981912319,0.15049290435031132,1210.0
243,0.06748570885255627,0.08163926110035312,0.1491249699529094,1215.0
244,0.06713999346463355,0.08063715676916478,0.14777715023379834,1220.0
245,0.06679675580394932,0.0796523216435783,0.1464490774475276,1225.0
246,0.0664560430865073,0.07868434094171001,0.1451403840282173,1230.0
247,0.06611789315418677,0.07773281011820377,0.14385070327239052,1235.0
248,0.06578233526618943,0.07679733469260347,0.1425796699587929,1240.0
249,0.06544939083805656,0.07587753007125686,0.14132692090931342,1245.0
250,0.06511907413084095,0.0749730213641034,0.14009209549494434,1250.0
251,0.06479139289297504,0.07408344319748714,0.1388748360904622,1255.0
252,0.0644663489573475,0.07320843952407176,0.13767478848141926,1260.0
253,0.06414393879602523,0.07234766343072588,0.1364916022267511,1265.0
254,0.06382415403504503,0.07150077694521752,0.13532493098026255,1270.0
255,0.06350698193154995,0.07066745084236199,0.13417443277391194,1275.0
256,0.06319240581554084,0.06984736445021955,0.1330397702657604,1280.0
257,0.0628804054983897,0.06904020545692308,0.13192061095531277,1285.0
258,0.06257095765017039,0.0682456697185099,0.13081662736868027,1290.0
259,0.062264036147799504,0.06746346106820263,0.12972749721600213,1295.0
260,0.06195961239586479,0.06669329112743425,0.12865290352329903,1300.0
261,0.0616576556219342,0.06593487911894845,0.12759253474088264,1305.0
262,0.061358133148047916,0.06518795168218303,0.12654608483023094,1310.0
263,0.0610610106400152,0.06445224269115325,0.12551325333116845,1315.0
264,0.060766252336042485,0.06372749307506423,0.12449374541110672,1320.0
265,0.06047382125611848,0.06301345064168179,0.12348727189780026,1325.0
266,0.06018367939354104,0.06230986990372076,0.1224935492972618,1330.0
267,0.05989578788984085,0.06161651190828174,0.12151229979812259,1335.0
268,0.05961010719432747,0.060933144069398246,0.12054325126372573,1340.0
269,0.059326597209355694,0.06025954000382014,0.11958613721317583,1345.0
270,0.0590452174224025,0.05959547937003447,0.11864069679243697,1350.0
271,0.05876592702592781,0.058940747710573664,0.11770667473650148,1355.0
272,0.05848868502595169,0.05829513629764724,0.11678382132359894,1360.0
273,0.05821345034020378,0.057658441982094216,0.115871892322298,1365.0
274,0.057940181886673485,0.057030467045662996,0.11497064893233648,1370.0
275,0.05766883866329045,0.056411019056628396,0.11407985771991885,1375.0
276,0.057399379819465,0.05579991072871412,0.11319929054817912,1380.0
277,0.057131764720113276,0.05519695978331677,0.11232872450343004,1385.0
278,0.05686595300280608,0.054601988815016676,0.11146794181782275,1390.0
279,0.05660190462857678,0.054014825160308644,0.11061672978888543,1395.0
280,0.056339579926937486,0.05343530076958168,0.10977488069651917,1400.0
281,0.05607893963558109,0.0528632520822433,0.10894219171782439,1405.0
282,0.055819944935220474,0.05229851990500984,0.10811846484023031,1410.0
283,0.05556255747997886,0.05174094929327117,0.10730350677325004,1415.0
284,0.05530673942373724,0.05119038943552513,0.10649712885926238,1420.0
285,0.055052453442774735,0.05064669354079042,0.10569914698356515,1425.0
286,0.0547996627550545,0.05010971872899859,0.10490938148405309,1430.0
287,0.054548331136439164,0.04957932592426589,0.10412765706070506,1435.0
288,0.05429842293414674,0.049055379751032496,0.10335380268517924,1440.0
289,0.05404990307767696,0.04853774843298523,0.10258765151066218,1445.0
290,0.05380273708748036,0.04802630369472808,0.10182904078220845,1450.0
291,0.05355689108156364,0.047520920666137695,0.10107781174770133,1455.0
292,0.053312331780254255,0.04702147778935216,0.10033380956960641,1460.0
293,0.0530690265093105,0.04652785672832335,0.09959688323763385,1465.0
294,0.052826943201533756,0.046039942280905535,0.0988668854824393,1470.0
295,0.05258605039706537,0.045557622293391865,0.09814367269045723,1475.0
296,0.052346317242495215,0.04508078757745581,0.09742710481995102,1480.0
297,0.052107713488924734,0.044609331829454174,0.09671704531837891,1485.0
298,0.05187020948910109,0.04414315155200618,0.09601336104110728,1490.0
299,0.051633776193742376,0.0436821459778198,0.09531592217156218,1495.0
300,0.05139838514714786,0.04322621699569652,0.09462460214284438,1500.0
301,0.05116400848219311,0.04277526907866973,0.09393927756086284,1505.0
302,0.05093061891478906,0.04232920921419315,0.0932598281289822,1510.0
303,0.050698189737889025,0.04188794683637451,0.09258613657426354,1515.0
304,0.05046669481511567,0.04145139376015914,0.09191808857527481,1520.0
305,0.05023610857406404,0.04101946411742606,0.0912555726914901,1525.0
306,0.05000640599934426,0.0405920742949518,0.09059848029429605,1530.0
307,0.04977756262542134,0.040169142874175834,0.08994670549959717,1535.0
308,0.049549554529294805,0.03975059057273945,0.08930014510203425,1540.0
309,0.04932235832305126,0.03933634018771082,0.08865869851076208,1545.0
310,0.04909595114636728,0.03892631654049729,0.08802226768686457,1550.0
311,0.04887031065894169,0.03852044642336114,0.08739075708230283,1555.0
312,0.048645415032937275,0.038118658547500725,0.086764073580438,1560.0
313,0.04842124294543515,0.03772088349265922,0.08614212643809438,1565.0
314,0.048197773570935486,0.037327053658203845,0.08552482722913933,1570.0
315,0.04797498657392332,0.03693710321565466,0.08491208978957798,1575.0
316,0.04775286210152754,0.03655096806257627,0.08430383016410381,1580.0
317,0.04753138077628166,0.03616858577784745,0.08369996655412912,1585.0
318,0.04731052368900379,0.03578989557821881,0.0831004192672226,1590.0
319,0.047090272391814236,0.03541483827614723,0.08250511066796146,1595.0
320,0.04687060889130222,0.03504335623885038,0.0819139651301526,1600.0
321,0.046651515641848475,0.03467539334856609,0.08132690899041456,1605.0
322,0.046432975539107975,0.03431089496394257,0.08074387050305054,1610.0
323,0.04621497191368019,0.033949807882564825,0.080164779796245,1615.0
324,0.045997488524946506,0.03359208030455686,0.07958956882950337,1620.0
325,0.04578050955510087,0.03323766179721322,0.07901817135231409,1625.0
326,0.045564019603366465,0.032886503260673446,0.07845052286403992,1630.0
327,0.04534800368040768,0.032538556894544504,0.07788656057495219,1635.0
328,0.04513244720293802,0.03219377616549684,0.07732622336843487,1640.0
329,0.044917335988521705,0.031852115775752574,0.07676945176427427,1645.0
330,0.04470265625057671,0.03151353163248208,0.07621618788305878,1650.0
331,0.044488394593576154,0.0311779808180341,0.07566637541161025,1655.0
332,0.04427453800844589,0.03084542156101766,0.07511995956946355,1660.0
333,0.04406107386816161,0.030515813208158903,0.07457688707632051,1665.0
334,0.04384798992354184,0.030189116196952755,0.07403710612049459,1670.0
335,0.043635274299236505,0.029865292029036688,0.07350056632827319,1675.0
336,0.043422915489905914,0.029544303244301788,0.0729672187342077,1680.0
337,0.04321090235658979,0.029226113395692845,0.07243701575228263,1685.0
338,0.04299922412327018,0.02891068702467489,0.07190991114794507,1690.0
339,0.042787870373610086,0.028597989637352633,0.07138586001096273,1695.0
340,0.042576831047881604,0.028287987681209388,0.07086481872909099,1700.0
341,0.04236609644006397,0.027980648522445056,0.07034674496250903,1705.0
342,0.042155657195124506,0.027675940423897087,0.0698315976190216,1710.0
343,0.04194550430646362,0.027373832523519603,0.06931933682998323,1715.0
344,0.04173562911351592,0.027074294813395437,0.06880992392691136,1720.0
345,0.04152602329956908,0.02677729811927248,0.06830332141884156,1725.0
346,0.04131667888963345,0.02648281408059061,0.06779949297022406,1730.0
347,0.041107588248567604,0.026190815130993837,0.06729840337956144,1735.0
348,0.04089874407930351,0.025901274479301184,0.06680001855860469,1740.0
349,0.040690139421222356,0.025614166090920553,0.0663043055121429,1745.0
350,0.04048176764867003,0.025329464669691524,0.06581123231836156,1750.0
351,0.04027362246960658,0.025047145640132575,0.06532076810973915,1755.0
352,0.040065697924381645,0.024767185130084284,0.06483288305446593,1760.0
353,0.03985798838463279,0.024489559953734037,0.06434754833836683,1765.0
354,0.03965048855230587,0.024214247594995807,0.06386473614730168,1770.0
355,0.03944319345878349,0.023941226191243715,0.06338441965002721,1775.0
356,0.03923609846411532,0.02367047451737282,0.06290657298148813,1780.0
357,0.039029199256358914,0.0234019719701871,0.06243117122654601,1785.0
358,0.038822491851008896,0.023135698553086163,0.06195819040409506,1790.0
359,0.03861597259051425,0.02287163486105208,0.061487607451566326,1795.0
360,0.03840963814388699,0.022609762065909325,0.061019400209796314,1800.0
361,0.03820348550637276,0.022350061901859935,0.0605535474082327,1805.0
362,0.037997511999207936,0.022092516651272508,0.060090028650480444,1810.0
363,0.037791715269430606,0.021837109130718162,0.05962882440014877,1815.0
364,0.03758609328975581,0.021583822677238008,0.05916991596699382,1820.0
365,0.03738064435849933,0.021332641134839892,0.05871328549333922,1825.0
366,0.03717536709954797,0.021083548841206144,0.05825891594075411,1830.0
367,0.03697026046236658,0.02083653061460621,0.057806791076972786,1835.0
368,0.036765323722041866,0.020591571741005975,0.05735689546304784,1840.0
369,0.03656055647934695,0.02034865796136202,0.05690921444070897,1845.0
370,0.03635595866082543,0.020107775459092012,0.05646373411991744,1850.0
371,0.036151530518888295,0.019868910847719055,0.056020441366607346,1855.0
372,0.035947272631913774,0.019632051158677246,0.05557932379059102,1860.0
373,0.03574318590434655,0.019397183829263503,0.055140369733610056,1865.0
374,0.03553927156678545,0.019164296690749632,0.054703568257535085,1870.0
375,0.03533553117605391,0.01893337795662248,0.05426890913267639,1875.0
376,0.035131966615249394,0.01870441621096786,0.05383638282621725,1880.0
377,0.034928580093756434,0.01847740039697441,0.053405980490730844,1885.0
378,0.0347253741472254,0.018252319805572775,0.05297769395279818,1890.0
379,0.034522351637500906,0.018029164064171342,0.05255151570167225,1895.0
380,0.034319515752500085,0.017807923125523668,0.05212743887802375,1900.0
381,0.03411687000602393,0.01758858725669427,0.051705457262718205,1905.0
382,0.033914418237505045,0.01737114702813037,0.051285565265635415,1910.0
383,0.03371216461167473,0.017155593302830285,0.05086775791450501,1915.0
384,0.03351011361814803,0.016941917225611166,0.050452030843759196,1920.0
385,0.03330827007091314,0.016730110212470003,0.050038380283383144,1925.0
386,0.03310663910772728,0.016520163940027706,0.049626803047754985,1930.0
387,0.03290522618939585,0.016312070335069064,0.04921729652446491,1935.0
388,0.032704037098945545,0.016105821564164204,0.048809858663109745,1940.0
389,0.03250307794066711,0.015901410023370706,0.04840448796403782,1945.0
390,0.03230235513903435,0.01569882832802283,0.04800118346705718,1950.0
391,0.032101875437478944,0.015498069302597263,0.04759994474007621,1955.0
392,0.03190164589702234,0.015299125970660982,0.04720077186768332,1960.0
393,0.0317016738947574,0.015101991544896784,0.04680366543965418,1965.0
394,0.031501967122165686,0.014906659417209743,0.04640862653937543,1970.0
395,0.0313025335832696,0.014713123148910245,0.04601565673217985,1975.0
396,0.031103381592601034,0.014521376460979257,0.045624758053580294,1980.0
397,0.030904519773011698,0.014331413224412564,0.04523593299742426,1985.0
398,0.030705957053268843,0.014143227450647406,0.04484918450391625,1990.0
399,0.03050770266546911,0.013956813282071531,0.04446451594754064,1995.0
400,0.030309766142249495,0.013772164982615482,0.04408193112486498,2000.0
401,0.030112157313789602,0.013589276928434492,0.04370143424222409,2005.0
402,0.029914886304602015,0.0134081435986755,0.043323029903277514,2010.0
403,0.02971796353009636,0.013228759566338734,0.042946723096435095,2015.0
404,0.029521399692930415,0.013051119489229879,0.04257251918216029,2020.0
405,0.029325205779120272,0.012875218101012723,0.042200423880132995,2025.0
406,0.02912939305392004,0.012701050202357922,0.04183044325627796,2030.0
407,0.028933973057460413,0.012528610652201367,0.04146258370966178,2035.0
408,0.028738957600143895,0.01235789435910508,0.041096851959248976,2040.0
409,0.028544358757795152,0.012188896272731082,0.04073325503052623,2045.0
410,0.028350188866550705,0.012021611375432681,0.040371800241983384,2050.0
411,0.028156460517504492,0.011856034673962701,0.04001249519146719,2055.0
412,0.027963186551089928,0.011692161191309433,0.03965534774239936,2060.0
413,0.02777038005120612,0.011529985958660605,0.03930036600986672,2065.0
414,0.027578054339078235,0.011369504007500104,0.03894755834657834,2070.0
415,0.0273862229668604,0.011210710361846753,0.03859693332870715,2075.0
416,0.027194899710970485,0.0110536000306347,0.038248499741605185,2080.0
417,0.02700409856516478,0.01089816800024436,0.03790226656540914,2085.0
418,0.02681383373334589,0.010744409227188537,0.03755824296053443,2090.0
419,0.026624119622109303,0.010592318630956632,0.037216438253065934,2095.0
420,0.026434970833032,0.010441891087030012,0.03687686192006201,2100.0
421,0.026246402154690183,0.01029312142005768,0.036539523574747865,2105.0
422,0.026058428554433265,0.010146004397219474,0.03620443295165274,2110.0
423,0.02587106516989383,0.010000534721764485,0.035871599891658314,2115.0
424,0.025684327300252458,0.009856707026738637,0.03554103432699109,2120.0
425,0.02549823039725174,0.009714515868905482,0.035212746266157224,2125.0
426,0.025312790055973,0.009573955722863027,0.03488674577883603,2130.0
427,0.025128022005373035,0.009435020975366063,0.034563042980739096,2135.0
428,0.024943942098591083,0.009297705919853919,0.034241648018445,2140.0
429,0.024760566303038543,0.009162004751194086,0.03392257105423263,2145.0
430,0.02457791069026007,0.009027911560642176,0.033605822250902244,2150.0
431,0.024395991425597712,0.008895420331025871,0.03329141175662358,2155.0
432,0.0242148247576516,0.008764524932153094,0.03297934968980469,2160.0
433,0.024034427007547668,0.008635219116457118,0.03266964612400479,2165.0
434,0.023854814558027872,0.00850749651487171,0.03236231107289958,2170.0
435,0.0236760038423666,0.008381350632949014,0.032057354475315616,2175.0
436,0.023498011333128413,0.008256774847219272,0.03175478618034769,2180.0
437,0.023320853530782906,0.008133762401795386,0.03145461593257829,2185.0
438,0.023144546952169793,0.008012306405230624,0.031156853357400417,2190.0
439,0.022969108118854845,0.007892399827623187,0.03086150794647803,2195.0
440,0.02279455354536417,0.007774035497978786,0.030568589043342954,2200.0
441,0.02262089972732646,0.007657206101827672,0.03027810582915413,2205.0
442,0.022448163129531056,0.007541904179100035,0.02999006730863109,2210.0
443,0.022276360173912588,0.0074281221222614185,0.029704482296174006,2215.0
444,0.022105507227485794,0.007315852174705787,0.02942135940219158,2220.0
445,0.0219356205902375,0.007205086429412639,0.02914070701965014,2225.0
446,0.021766716482997682,0.007095816827861995,0.028862533310859678,2230.0
447,0.021598811035294384,0.006988035159211187,0.02858684619450557,2235.0
448,0.021431920273225765,0.006881733059732288,0.02831365333295805,2240.0
449,0.021266060107347166,0.006776902012506406,0.028042962119853573,2245.0
450,0.021101246320604148,0.006673533347377071,0.02777477966798122,2250.0
451,0.020937494556315557,0.006571618241157099,0.027509112797472656,2255.0
452,0.02077482030623395,0.00647114771809106,0.02724596802432501,2260.0
453,0.020613238898692567,0.006372112650565112,0.02698535154925768,2265.0
454,0.02045276548685916,0.006274503760066072,0.02672726924692523,2270.0
455,0.02029341503710924,0.0061783116183826816,0.026471726655491922,2275.0
456,0.020135202317544218,0.0060835266490470745,0.026218728966591293,2280.0
457,0.019978141886657714,0.00599013912901084,0.025968281015668553,2285.0
458,0.019822248082176665,0.0058981391905525505,0.025720387272729215,2290.0
459,0.019667535010088232,0.005807516823407852,0.025475051833496083,2295.0
460,0.01951401653387234,0.005718261877121516,0.025232278410993857,2300.0
461,0.019361706263947728,0.0056303640636121794,0.024992070327559908,2305.0
462,0.0192106175473545,0.005543812959944342,0.024754430507298843,2310.0
463,0.01906076345768544,0.005458598011301361,0.0245193614689868,2315.0
464,0.018912156785275136,0.0053747085341517885,0.024286865319426924,2320.0
465,0.018764810027673478,0.005292133719602937,0.024056943747276415,2325.0
466,0.018618735380396677,0.005210862636932906,0.023829598017329583,2330.0
467,0.018473944727990035,0.00513088423729405,0.023604828965284087,2335.0
468,0.0183304496354018,0.005052187357580165,0.023382636992981966,2340.0
469,0.018188261339682144,0.0049747607244476025,0.02316302206412975,2345.0
470,0.01804739074201898,0.004898592958483995,0.022945983700502975,2350.0
471,0.017907848400123216,0.00482367257851395,0.022731520978637166,2355.0
472,0.017769644520966535,0.004749988006034392,0.022519632527000927,2360.0
473,0.017632788953888246,0.004677527569769745,0.022310316523657992,2365.0
474,0.017497291184073987,0.004606279510337431,0.022103570694411417,2370.0
475,0.017363160326414974,0.004536231985016764,0.021899392311431738,2375.0
476,0.017230405119758152,0.004467373072608918,0.02169777819236707,2380.0
477,0.01709903392154389,0.004399690778380194,0.021498724699924084,2385.0
478,0.016969054702851562,0.00433317303908062,0.021302227741932182,2390.0
479,0.016840475043834225,0.004267807728025906,0.02110828277186013,2395.0
480,0.016713302129572154,0.004203582660234142,0.020916884789806297,2400.0
481,0.0165875427463294,0.004140485597610513,0.020728028343939914,2405.0
482,0.01646320327822027,0.00407850425416655,0.020541707532386818,2410.0
483,0.016340289704289246,0.004017626301269666,0.02035791600555891,2415.0
484,0.016218807596001382,0.003957839372907729,0.020176646968909112,2420.0
485,0.01609876211514436,0.0038991310709667335,0.01999789318611109,2425.0
486,0.015980158012139145,0.0038414889705085534,0.019821646982647698,2430.0
487,0.015862999624758827,0.003784900625039353,0.01964790024979818,2435.0
488,0.015747290877252847,0.0037293535717646356,0.019476644449017484,2440.0
489,0.015633035279868892,0.0036748353368182456,0.019307870616687137,2445.0
490,0.015520235928773442,0.0036213334404598357,0.019141569369233277,2450.0
491,0.015408895506366444,0.003568835402232414,0.018977730908598858,2455.0
492,0.015299016281971936,0.0035173287460722145,0.01881634502804415,2460.0
493,0.015190600112918258,0.003466801005363478,0.018657401118281736,2465.0
494,0.015083648445983984,0.0034172397279324065,0.018500888173916392,2470.0
495,0.01497816231921042,0.003368632480971821,0.01834679480018224,2475.0
496,0.014874142364068976,0.0033209668558909157,0.01819510921995989,2480.0
497,0.0147715888079767,0.0032742304730842176,0.01804581928106092,2485.0
498,0.014670501477148535,0.0032284109866139595,0.017898912463762493,2490.0
499,0.01457087979977998,0.0031834960887992775,0.017754375888579258,2495.0
500,0.014472722809545846,0.0031394735147082494,0.017612196324254096,2500.0
501,0.014376029149407525,0.0030963310465473275,0.017472360195954852,2505.0
502,0.014280797075717222,0.0030540565179439923,0.017334853593661215,2510.0
503,0.014187024462604728,0.0030126378181174764,0.017199662280722203,2515.0
504,0.01409470880664931,0.0029720628959346673,0.01706677170258398,2520.0
505,0.014003847231792703,0.0029323197638470707,0.016936166995639775,2525.0
506,0.013914436494522675,0.0028933965017061713,0.016807832996228848,2530.0
507,0.013826472989284851,0.0028552812604526164,0.016681754249737467,2535.0
508,0.013739952754122096,0.002817962265679119,0.016557915019801216,2540.0
509,0.013654871476526022,0.0027814278210625486,0.01643629929758857,2545.0
510,0.013571224499490534,0.0027456663116642867,0.01631689081115482,2550.0
511,0.013489006827753804,0.0027106662070971207,0.016199673034850925,2555.0
512,0.013408213134213877,0.0026764160645569458,0.016084629198770822,2560.0
513,0.013328837766508532,0.002642904531718771,0.0159717422982273,2565.0
514,0.013250874753745864,0.0026101203494948307,0.015860995103240693,2570.0
515,0.013174317813371738,0.0025780523546564587,0.015752370168028197,2575.0
516,0.01309916035816414,0.0025466894823180796,0.01564584984048222,2580.0
517,0.013025395503340705,0.0025160207682824475,0.015541416271623152,2585.0
518,0.012953016073765124,0.0024860353512499217,0.015439051425015046,2590.0
519,0.012882014611248221,0.0024567224748900406,0.015338737086138261,2595.0
520,0.012812383381921874,0.0024280714897768115,0.015240454871698686,2600.0
521,0.012744114383681698,0.0024000718551893565,0.015144186238871055,2605.0
522,0.01267719935368516,0.0023727131407785098,0.01504991249446367,2610.0
523,0.012611629775892214,0.0023459850281000324,0.014957614803992247,2615.0
524,0.012547396888641546,0.0023198773120173223,0.014867274200658868,2620.0
525,0.012484491692248778,0.002294379901975141,0.014778871594223919,2625.0
526,0.012422904956618177,0.0022694828231451026,0.01469238777976328,2630.0
527,0.012362627228856877,0.0022451762174463324,0.014607803446303209,2635.0
528,0.012303648840885023,0.0022214503444430924,0.014525099185328115,2640.0
529,0.012245959917029734,0.0021982955821216376,0.014444255499151373,2645.0
530,0.012189550381593901,0.002175702427548245,0.014365252809142146,2650.0
531,0.012134409966395407,0.002153661497412705,0.014288071463808113,2655.0
532,0.012080528218263949,0.002132163528458157,0.014212691746722106,2660.0
533,0.012027894506492406,0.0021111993778009544,0.014139093884293361,2665.0
534,0.01197649803022943,0.0020907600231437843,0.014067258053373215,2670.0
535,0.011926327825813937,0.0020708365628841065,0.013997164388698044,2675.0
536,0.011877372774038865,0.002051420216121785,0.01392879299016065,2680.0
537,0.011829621607340846,0.002032502322568517,0.013862123929909364,2685.0
538,0.011783062916908475,0.0020140743423626996,0.013797137259271175,2690.0
539,0.011737685159706862,0.001996127855792539,0.013733813015499401,2695.0
540,0.011693476665409054,0.001978654562930623,0.013672131228339678,2700.0
541,0.011650425643232319,0.0019616462831831584,0.013612071926415477,2705.0
542,0.011608520188674455,0.001945094954758344,0.013553615143432798,2710.0
543,0.011567748290147657,0.0019289926340551268,0.013496740924202784,2715.0
544,0.011528097835500807,0.0019133314949772693,0.013441429330478077,2720.0
545,0.011489556618435915,0.0018981038281756023,0.013387660446611518,2725.0
546,0.011452112344805605,0.0018833020402210055,0.01333541438502661,2730.0
547,0.01141575263879755,0.0018689186527126335,0.013284671291510184,2735.0
548,0.011380465048998013,0.0018549463013238841,0.013235411350321897,2740.0
549,0.011346237054334801,0.001841377734789239,0.01318761478912404,2745.0
550,0.01131305606989787,0.0018282058138360993,0.01314126188373397,2750.0
551,0.011280909452632956,0.0018154235100629663,0.013096332962695922,2755.0
552,0.011249784506914653,0.001803023904769493,0.013052808411684146,2760.0
553,0.011219668489988522,0.001791000187739413,0.013010668677727936,2765.0
554,0.011190548617287775,0.0017793456559807499,0.012969894273268525,2770.0
555,0.011162412067621811,0.0017680537124254649,0.012930465780047275,2775.0
556,0.011135245988237832,0.001757117864591737,0.01289236385282957,2780.0
557,0.011109037499752757,0.0017465317232121284,0.012855569222964885,2785.0
558,0.01108377370096013,0.0017362890008301784,0.012820062701790308,2790.0
559,0.01105944167350715,0.001726383510367634,0.012785825183874784,2795.0
560,0.011036028486446893,0.0017168091636662612,0.012752837650113154,2800.0
561,0.011013521200663267,0.0017075599700057638,0.012721081170669031,2805.0
562,0.010991906873174145,0.0016986300346008216,0.012690536907774967,2810.0
563,0.010971172561305477,0.0016900135570799746,0.012661186118385452,2815.0
564,0.01095130532674747,0.0016817048299484106,0.012633010156695882,2820.0
565,0.010932292239487823,0.0016736982370372103,0.012605990476525034,2825.0
566,0.010914120381625623,0.001665988251941321,0.012580108633566943,2830.0
567,0.01089677685106876,0.0016585694364485621,0.012555346287517321,2835.0
568,0.010880248765110843,0.0016514364389619309,0.012531685204072773,2840.0
569,0.010864523263898859,0.0016445839929167426,0.012509107256815602,2845.0
570,0.01084958751378654,0.0016380069151955292,0.01248759442898207,2850.0
571,0.010835428710576562,0.0016317001045419656,0.012467128815118527,2855.0
572,0.010822034082655928,0.0016256585399758996,0.012447692622631828,2860.0
573,0.010809390894023236,0.0016198772792114647,0.012429268173234701,2865.0
574,0.01079748644721647,0.0016143514570798267,0.012411837904296298,2870.0
575,0.010786308086135352,0.0016090762839582272,0.01239538437009358,2875.0
576,0.010775843198765102,0.0016040470442073742,0.012379890242972477,2880.0
577,0.010766079219805554,0.0015992590946180914,0.012365338314423645,2885.0
578,0.010757003633202953,0.0015947078628691124,0.012351711496072065,2890.0
579,0.010748603974594425,0.001590388845997311,0.012338992820591735,2895.0
580,0.010740867833657563,0.001586297608881762,0.012327165442539324,2900.0
581,0.010733782856378183,0.0015824297827431964,0.012316212639121379,2905.0
582,0.010727336747228816,0.0015787810636592652,0.01230611781088808,2910.0
583,0.010721517271269534,0.0015753472110977488,0.012296864482367283,2915.0
584,0.01071631225616493,0.0015721240464682401,0.01228843630263317,2920.0
585,0.010711709594129483,0.0015691074516937015,0.012280817045823185,2925.0
586,0.010707697243793547,0.0015662933678023475,0.012273990611595894,2930.0
587,0.01070426323199821,0.0015636777935412159,0.012267941025539426,2935.0
588,0.010701395655522764,0.0015612567840125825,0.012262652439535346,2940.0
589,0.010699082682742299,0.0015590264493331033,0.012258109132075402,2945.0
590,0.0106973125552198,0.0015569829533177751,0.012254295508537575,2950.0
591,0.010696073589239415,0.0015551225121877945,0.01225119610142721,2955.0
592,0.010695354177274673,0.001553441393304846,0.01224879557057952,2960.0
593,0.010695142789401169,0.0015519359139307073,0.012247078703331877,2965.0
594,0.01069542797465303,0.0015506024400138523,0.012246030414666882,2970.0
595,0.010696198362324959,0.001549437385003308,0.012245635747328266,2975.0
596,0.010697442663223006,0.0015484372086900843,0.01224587987191309,2980.0
597,0.010699149670865426,0.0015475984160767352,0.01224674808694216,2985.0
598,0.010701308262637089,0.0015469175562751226,0.012248225818912212,2990.0
599,0.010703907400896287,0.0015463912214337349,0.012250298622330022,2995.0
600,0.010706936134039266,0.0015460160456932232,0.012252952179732489,3000.0
601,0.010710383597523573,0.0015457887041720234,0.012256172301695597,3005.0
602,0.010714239014847832,0.0015457059119812593,0.012259944926829091,3010.0
603,0.010718491698498775,0.0015457644232696052,0.01226425612176838,3015.0
604,0.010723131050856505,0.0015459610302981223,0.012269092081154627,3020.0
605,0.010728146565067969,0.0015462925625448621,0.012274439127612832,3025.0
606,0.010733527825884643,0.0015467558858399298,0.012280283711724573,3030.0
607,0.01073926451047018,0.0015473479015307321,0.012286612412000911,3035.0
608,0.010745346389177355,0.0015480655456770382,0.012293411934854392,3040.0
609,0.010751763326293781,0.0015489057882764779,0.01230066911457026,3045.0
610,0.01075850528076262,0.0015498656325201637,0.012308370913282784,3050.0
611,0.010765562306874654,0.0015509421140780513,0.012316504420952706,3055.0
612,0.010772924554936584,0.0015521323004143003,0.012325056855350885,3060.0
613,0.010780582271913447,0.0015534332901323445,0.012334015562045792,3065.0
614,0.010788525802048842,0.001554842212349573,0.012343368014398415,3070.0
615,0.010796745587461812,0.0015563562261010474,0.01235310181356286,3075.0
616,0.010805232168725606,0.001557972519772559,0.012363204688498166,3080.0
617,0.01081397618542157,0.0015596883105623881,0.012373664495983958,3085.0
618,0.010822968376677485,0.0015615008439714582,0.012384469220648942,3090.0
619,0.010832199581684153,0.0015634073933218,0.012395606975005953,3095.0
620,0.010841660740195144,0.0015654052593030204,0.012407065999498165,3100.0
621,0.010851342893010115,0.0015674917695458332,0.012418834662555948,3105.0
622,0.010861237182439925,0.0015696642782229272,0.012430901460662853,3110.0
623,0.010871334852754409,0.0015719201656766216,0.01244325501843103,3115.0
624,0.0108816272506183,0.0015742568380724808,0.01245588408869078,3120.0
625,0.010892105825507063,0.0015766717270789337,0.012468777552585996,3125.0
626,0.010902762130111135,0.001579162289572078,0.012481924419683214,3130.0
627,0.010913587820723927,0.001581726007365256,0.012495313828089183,3135.0
628,0.010924574657615493,0.0015843603869630293,0.012508935044578522,3140.0
629,0.01093571450539242,0.00158706295933882,0.01252277746473124,3145.0
630,0.010946999333344119,0.0015898312797357928,0.012536830613079912,3150.0
631,0.010958421215774212,0.0015926629274904574,0.01255108414326467,3155.0
632,0.010969972332319042,0.0015955555058780706,0.012565527838197112,3160.0
633,0.01098164496825265,0.0015985066419796177,0.012580151610232269,3165.0
634,0.010993431514777042,0.0016015139865698791,0.01259494550134692,3170.0
635,0.011005324469300592,0.0016045752140253476,0.01260989968332594,3175.0
636,0.011017316435700383,0.0016076880222516635,0.012625004457952047,3180.0
637,0.011029400124573535,0.001610850132630472,0.012640250257204007,3185.0
638,0.01104156835347224,0.001614059289983854,0.012655627643456093,3190.0
639,0.01105381404712567,0.0016173132625568443,0.012671127309682515,3195.0
640,0.01106613023764735,0.0016206098420167019,0.012686740079664052,3200.0
641,0.011078510064732266,0.0016239468434679743,0.01270245690820024,3205.0
642,0.01109094677582913,0.0016273221054836622,0.012718268881312791,3210.0
643,0.011103433726307916,0.0016307334901506899,0.012734167216458606,3215.0
644,0.011115964379608798,0.0016341788831297143,0.012750143262738513,3220.0
645,0.01112853230737316,0.00163765619372806,0.01276618850110122,3225.0
646,0.011141131189563929,0.0016411633549852378,0.012782294544549168,3230.0
647,0.01115375481456358,0.0016446983237706685,0.012798453138334248,3235.0
648,0.01116639707926067,0.0016482590808919212,0.012814656160152591,3240.0
649,0.011179051989117676,0.0016518436312139952,0.01283089562033167,3245.0
650,0.011191713658222094,0.0016554500037878356,0.01284716366200993,3250.0
651,0.011204376309318956,0.001659076251987779,0.012863452561306735,3255.0
652,0.011217034273828813,0.0016627204536573204,0.012879754727486134,3260.0
653,0.011229681991841465,0.0016663807112624637,0.012896062703103929,3265.0
654,0.011242314012096936,0.0016700551520510785,0.012912369164148015,3270.0
655,0.011254924991944366,0.0016737419282189148,0.01292866692016328,3275.0
656,0.011267509697282579,0.0016774392170805475,0.012944948914363126,3280.0
657,0.011280063002480412,0.0016811452212449202,0.012961208223725332,3285.0
658,0.011292579890276508,0.0016848581687944084,0.012977438059070916,3290.0
659,0.011305055451659699,0.0016885763134672934,0.012993631765126992,3295.0
660,0.01131748488572795,0.0016922979348423638,0.013009782820570314,3300.0
661,0.011329863499525116,0.0016960213385251175,0.013025884838050235,3305.0
662,0.011342186646388005,0.0016997448377200715,0.013041931484108076,3310.0
663,0.011354449971930145,0.0017034668278903121,0.013057916799820457,3315.0
664,0.011366649044084345,0.0017071856752269247,0.01307383471931127,3320.0
665,0.011378779599619766,0.0017108997913146621,0.013089679390934427,3325.0
666,0.011390837482109714,0.001714607614697336,0.01310544509680705,3330.0
667,0.011402818641634924,0.0017183076110601659,0.01312112625269509,3335.0
668,0.011414719134464174,0.001721998273408931,0.013136717407873106,3340.0
669,0.011426535122709743,0.0017256781222452962,0.01315221324495504,3345.0
670,0.011438262873960247,0.0017293457057384744,0.013167608579698722,3350.0
671,0.011449898760889948,0.0017329995998918975,0.013182898360781846,3355.0
672,0.011461439260841824,0.0017366384087044602,0.013198077669546284,3360.0
673,0.011472880955387878,0.0017402607643264981,0.013213141719714376,3365.0
674,0.011484220529864251,0.0017438653272085626,0.013228085857072814,3370.0
675,0.01149545477288268,0.0017474507862442854,0.013242905559126966,3375.0
676,0.011506580575815464,0.0017510158589053749,0.01325759643472084,3380.0
677,0.011517594932257425,0.001754559291368667,0.013272154223626091,3385.0
678,0.011528494937462034,0.001758079858635312,0.013286574796097345,3390.0
679,0.011539277787752605,0.0017615763646411885,0.013300854152393793,3395.0
680,0.011549940779909715,0.0017650476423580184,0.013314988422267733,3400.0
681,0.011560481310532486,0.0017684925538852532,0.01332897386441774,3405.0
682,0.01157089687537601,0.0017719099905319515,0.013342806865907962,3410.0
683,0.01158118506866464,0.001775298872888604,0.013356483941553244,3415.0
684,0.011591343582378575,0.0017786581508883214,0.013370001733266896,3420.0
685,0.011601370205518975,0.001781986803857319,0.013383357009376293,3425.0
686,0.011611262823346695,0.0017852838405542652,0.01339654666390096,3430.0
687,0.011621019416597966,0.0017885482991982515,0.013409567715796218,3435.0
688,0.011630638060677297,0.001791779247485292,0.013422417308162588,3440.0
689,0.011640116924821092,0.001794975782592911,0.013435092707414003,3445.0
690,0.01164945427124957,0.0017981370311727517,0.013447591302422322,3450.0
691,0.011658648454283745,0.0018012621493312326,0.013459910603614978,3455.0
692,0.011667697919446635,0.0018043503225976339,0.013472048242044269,3460.0
693,0.01167660120253964,0.001807400765879967,0.013484001968419607,3465.0
694,0.011685356928698215,0.0018104127234081738,0.01349576965210639,3470.0
695,0.011693963811424879,0.001813385468664863,0.013507349280089741,3475.0
696,0.01170242065160258,0.0018163183043033528,0.013518738955905933,3480.0
697,0.011710726336486293,0.0018192105620529208,0.013529936898539215,3485.0
698,0.011718879838674735,0.0018220616026114421,0.013540941441286177,3490.0
699,0.011726880215062184,0.0018248708155253694,0.013551751030587552,3495.0
700,0.01173472660577184,0.0018276376190568438,0.013562364224828684,3500.0
701,0.01174241823307005,0.0018303614600382375,0.013572779693108288,3505.0
702,0.01174995440026201,0.0018330418137147673,0.013582996213976777,3510.0
703,0.01175733449057075,0.0018356781835730366,0.013593012674143787,3515.0
704,0.011764557965998098,0.0018382701011589546,0.013602828067157052,3520.0
705,0.011771624366170715,0.001840817125882327,0.013612441492053042,3525.0
706,0.011778533307169565,0.0018433188448097042,0.01362185215197927,3530.0
707,0.011785284480343165,0.0018457748724452076,0.013631059352788372,3535.0
708,0.011791877651108645,0.0018481848504994488,0.013640062501608093,3540.0
709,0.011798312657737484,0.0018505484476470705,0.013648861105384555,3545.0
710,0.011804589410127901,0.0018528653592726255,0.013657454769400527,3550.0
711,0.011810707888565865,0.0018551353072053815,0.013665843195771247,3555.0
712,0.01181666814247333,0.001857358039443304,0.013674026181916635,3560.0
713,0.011822470289145556,0.0018595333298661427,0.0136820036190117,3565.0
714,0.01182811451247886,0.0018616609779380483,0.013689775490416908,3570.0
715,0.01183360106168677,0.0018637408084004362,0.013697341870087205,3575.0
716,0.011838930250009818,0.0018657726709542164,0.013704702920964033,3580.0
717,0.011844102453414839,0.0018677564399331012,0.013711858893347941,3585.0
718,0.011849118109287725,0.001869692013967298,0.013718810123255024,3590.0
719,0.011853977715119424,0.0018715793156383075,0.01372555703075773,3595.0
720,0.011858681827185353,0.0018734182911250435,0.013732100118310397,3600.0
721,0.011863231059219922,0.0018752089098415963,0.013738439969061518,3605.0
722,0.011867626081086331,0.001876951164067081,0.013744577245153412,3610.0
723,0.011871867617442772,0.0018786450685677365,0.013750512686010508,3615.0
724,0.011875956446404552,0.0018802906602118882,0.01375624710661644,3620.0
725,0.011879893398204977,0.0018818879975777952,0.013761781395782772,3625.0
726,0.01188367935385377,0.0018834371605550321,0.013767116514408803,3630.0
727,0.01188731524379478,0.0018849382499396005,0.013772253493734381,3635.0
728,0.011890802046563035,0.0018863913870232646,0.0137771934335863,3640.0
729,0.011894140787443098,0.0018877967131773106,0.013781937500620409,3645.0
730,0.011897332537127726,0.001889154389431406,0.013786486926559132,3650.0
731,0.011900378410378646,0.0018904645960473613,0.013790843006426006,3655.0
732,0.011903279564690178,0.0018917275320889362,0.013795007096779114,3660.0
733,0.01190603719895535,0.001892943414987411,0.01379898061394276,3665.0
734,0.011908652552136639,0.0018941124801036375,0.013802765032240276,3670.0
735,0.011911126901940601,0.0018952349802869146,0.013806361882227516,3675.0
736,0.011913461563497086,0.001896311185430843,0.013809772748927928,3680.0
737,0.011915657888049816,0.0018973413820269108,0.013812999270076726,3685.0
738,0.01191771726164129,0.0018983258727156848,0.013816043134356975,3690.0
739,0.011919641103817154,0.00189926497583657,0.013818906079653725,3695.0
740,0.011921430866332164,0.00190015902497578,0.013821589891307945,3700.0
741,0.011923088031865208,0.0019010083685136064,0.013824096400378814,3705.0
742,0.011924614112743395,0.0019018133691708825,0.013826427481914276,3710.0
743,0.011926010649675035,0.001902574403555022,0.013828585053230057,3715.0
744,0.011927279210494125,0.0019032918617060861,0.013830571072200211,3720.0
745,0.011928421388912468,0.0019039661466433812,0.01383238753555585,3725.0
746,0.011929438803285649,0.001904597673912271,0.01383403647719792,3730.0
747,0.01193033309538821,0.001905186871132499,0.01383551996652071,3735.0
748,0.011931105929201966,0.001905734177547405,0.013836840106749371,3740.0
749,0.011931758989716114,0.0019062400435750004,0.013837999033291113,3745.0
750,0.011932293981740491,0.001906704930360887,0.013838998912101379,3750.0
751,0.011932712628732517,0.0019071293093332244,0.013839841938065742,3755.0
752,0.011933016671635873,0.001907513661760454,0.013840530333396326,3760.0
753,0.01193320786773613,0.0019078584783116402,0.013841066346047771,3765.0
754,0.01193328798952824,0.0019081642586197848,0.013841452248148024,3770.0
755,0.011933258823600737,0.0019084315108487508,0.013841690334449487,3775.0
756,0.011933122169533196,0.001908660751263267,0.013841782920796462,3780.0
757,0.011932879838811004,0.001908852503803243,0.013841732342614247,3785.0
758,0.011932533653754908,0.0019090072996616764,0.013841540953416585,3790.0
759,0.011932085446466798,0.0019091256768671632,0.01384121112333396,3795.0
760,0.011931537057791809,0.0019092081798706864,0.013840745237662495,3800.0
761,0.011930890336297484,0.0019092553591371624,0.013840145695434647,3805.0
762,0.011930147137269375,0.0019092677707419213,0.013839414908011296,3810.0
763,0.011929309321723496,0.0019092459759720941,0.01383855529769559,3815.0
764,0.011928378755437254,0.0019091905409335556,0.01383756929637081,3820.0
765,0.011927357307995452,0.0019091020361630179,0.01383645934415847,3825.0
766,0.01192624685185752,0.0019089810362458324,0.013835227888103353,3830.0
767,0.011925049261439667,0.0019088281194396194,0.013833877380879286,3835.0
768,0.011923766412216196,0.0019086438673036742,0.01383241027951987,3840.0
769,0.011922400179838486,0.00190842886433436,0.013830829044172845,3845.0
770,0.011920952439272853,0.0019081836976069528,0.013829136136879805,3850.0
771,0.011919425063956275,0.0019079089564233503,0.013827334020379625,3855.0
772,0.011917819924970586,0.00190760523196641,0.013825425156936995,3860.0
773,0.011916138890235854,0.001907273116960816,0.013823412007196669,3865.0
774,0.011914383823720709,0.0019069132053403995,0.013821297029061107,3870.0
775,0.011912556584672962,0.0019065260919221352,0.013819082676595098,3875.0
776,0.011910659026870158,0.0019061123720870896,0.013816771398957248,3880.0
777,0.011908692997878665,0.0019056726414672783,0.013814365639345943,3885.0
778,0.011906660338351537,0.0019052074956411116,0.01381186783399265,3890.0
779,0.011904562881325036,0.0019047175298341598,0.013809280411159195,3895.0
780,0.011902402451543734,0.0019042033386275168,0.013806605790171251,3900.0
781,0.011900180864802568,0.001903665515673101,0.013803846380475668,3905.0
782,0.01189789992730662,0.0019031046534160325,0.013801004580722653,3910.0
783,0.011895561435050071,0.0019025213428239388,0.01379808277787401,3915.0
784,0.01189316717321345,0.001901916173123446,0.013795083346336896,3920.0
785,0.011890718915578984,0.0019012897315437175,0.0137920086471227,3925.0
786,0.011888218423964293,0.0019006426030668822,0.013788861027031175,3930.0
787,0.011885667447674893,0.0018999753701858541,0.013785642817860747,3935.0
788,0.011883067722973166,0.0018992886126689304,0.013782356335642097,3940.0
789,0.0118804209725672,0.0018985829073315205,0.01377900387989872,3945.0
790,0.011877728905114366,0.0018978588278150458,0.013775587732929412,3950.0
791,0.011874993214747567,0.0018971169443726971,0.013772110159120264,3955.0
792,0.01187221558061448,0.0018963578236616734,0.013768573404276153,3960.0
793,0.011869397666435036,0.0018955820285436497,0.013764979694978686,3965.0
794,0.01186654112007797,0.0018947901178907453,0.013761331237968716,3970.0
795,0.01186364757315284,0.0018939826463990016,0.01375763021955184,3975.0
796,0.01186071864061866,0.0018931601644084986,0.013753878805027158,3980.0
797,0.011857755920411175,0.0018923232177301894,0.013750079138141365,3985.0
798,0.011854760993083724,0.0018914723474795715,0.013746233340563295,3990.0
799,0.011851735421466409,0.0018906080899166778,0.013742343511383088,3995.0
