,EGF,gkaf,pERK_ratio,tshort
0,0.0,0.168642,0.0,0.0
1,3.924395857903098e-27,0.16864199997406878,5.535793261089156e-11,5000.0
2,1.758792202435459e-26,0.16864198988842596,2.158559188010504e-08,10000.0
3,7.882359791339031e-26,0.16864180711326543,4.117598650887418e-07,15000.0
4,3.532628572840075e-25,0.1686407864704452,2.5905404751333446e-06,20000.0
5,1.583214286584365e-24,0.16863764592599892,9.294690244040369e-06,25000.0
6,7.095474164807742e-24,0.16863078771683024,2.3934954382375417e-05,30000.0
7,3.1799709009863846e-23,0.16861871522742353,4.9706154374398256e-05,35000.0
8,1.4251640825966442e-22,0.16860032944470413,8.895434772502357e-05,40000.0
9,6.387142290181072e-22,0.168575055229711,0.00014290727756665275,45000.0
10,2.8625185782601315e-21,0.16854283469134843,0.00021168851883533773,50000.0
11,1.2828918221347639e-20,0.16850404165008245,0.00029450007315421197,55000.0
12,5.749522255679458e-20,0.16845936274075834,0.0003898761787572124,60000.0
13,2.576757104394487e-19,0.16840967651155775,0.0004959413977940942,65000.0
14,1.1548224147647642e-18,0.1683559485035942,0.0006106345896428326,70000.0
15,5.1755549926251135e-18,0.16829914997231407,0.0007318824160317325,75000.0
16,2.319522823528073e-17,0.16824020109558147,0.0008577205744644351,80000.0
17,1.03953800829749e-16,0.16817993574779705,0.000986368994684592,85000.0
18,4.658886128360747e-16,0.16811908337294013,0.0011162705341275767,90000.0
19,2.08796790341315e-15,0.16805826332322213,0.0012461030630840737,95000.0
20,9.357622928674607e-15,0.16799798758166778,0.0013747736527369779,100000.0
21,4.1937956389125525e-14,0.1679386686126456,0.00150140181659713,105000.0
22,1.8795288071554209e-13,0.16788062992732575,0.0016252969564060787,110000.0
23,8.423463709417006e-13,0.1678241176866956,0.0017459335931804423,115000.0
24,3.775134522659172e-12,0.16776931225013283,0.001862926714482184,120000.0
25,1.691897912112483e-11,0.16771633901369096,0.0019760086379458242,125000.0
26,7.582560373727498e-11,0.1676652781901216,0.00208500813388155,130000.0
27,3.398267789714866e-10,0.1676161733891534,0.002189832108970975,135000.0
28,1.5229979452326316e-09,0.16756903898750827,0.002290449873509213,140000.0
29,6.825602892896892e-09,0.16752386635538336,0.002386879849748565,145000.0
30,3.0590222656645606e-08,0.1674806290466989,0.0024791784922891867,150000.0
31,1.3709572071633684e-07,0.16743928707676775,0.0025674311565489806,155000.0
32,6.144174612167227e-07,0.16739979041111783,0.0026517446511836558,160000.0
33,2.7535691197651474e-06,0.16736208177419412,0.0027322412423587917,165000.0
34,1.2339457653080429e-05,0.16732609883821647,0.002809053981202592,170000.0
35,5.527786401339046e-05,0.167291775672339,0.0028823236102962294,175000.0
36,0.0002472623174412816,0.16725904257036503,0.002952198931480142,180000.0
37,0.0010986942724094456,0.16722782001380979,0.003018849693018324,185000.0
38,0.004742587362941204,0.1671979876225657,0.003082532871109557,190000.0
39,0.018242552550643575,0.16716924436386246,0.0031438910839558195,195000.0
40,0.05000000031989272,0.1671405241850173,0.0032052000487995287,200000.0
41,0.08175744783104334,0.1671079553981338,0.0032747247063494144,205000.0
42,0.09525741275267229,0.16705996370678902,0.0033771728203897847,210000.0
43,0.09890130575539877,0.1669702859073481,0.0035686086312857837,215000.0
44,0.09975273768887087,0.16679310241381964,0.0039468433995980745,220000.0
45,0.09994472213740048,0.16646589665438896,0.0046453313494883445,225000.0
46,0.09998766054266268,0.16592146981520817,0.005807521725544205,230000.0
47,0.0999972464309507,0.16510293146359759,0.007554858329746612,235000.0
48,0.0999993855825545,0.16397420065337356,0.009964362889558142,240000.0
49,0.0999998629042828,0.16252315803154044,0.01306190633338703,245000.0
50,0.09999996940977812,0.16075883543433403,0.016828208207260508,250000.0
51,0.09999999317439728,0.15870554421189595,0.021211370955112798,255000.0
52,0.0999999984770021,0.15639644710692946,0.026140602022629626,260000.0
53,0.09999999966017324,0.15386805557711372,0.031537960406294925,265000.0
54,0.0999999999241744,0.15115622522558855,0.037326905189411466,270000.0
55,0.09999999998308103,0.14829363813914995,0.04343766997907157,275000.0
56,0.09999999999622487,0.14530845484393454,0.04981014056549439,280000.0
57,0.09999999999915765,0.14222370560828584,0.05639515430189937,285000.0
58,0.09999999999981204,0.13905703467857009,0.06315504608195158,290000.0
59,0.09999999999995807,0.13582058574810832,0.07006389282798475,295000.0
60,0.09999999999999065,0.13252103900667356,0.07710743439915116,300000.0
61,0.09999999999999792,0.12915995005798553,0.08428235010030641,305000.0
62,0.09999999999999953,0.12573452184527417,0.0915946108479763,310000.0
63,0.0999999999999999,0.12223880702208391,0.09905691246590166,315000.0
64,0.09999999999999998,0.11866520608449886,0.1066854776206919,320000.0
65,0.1,0.11500607486009655,0.11449662431568028,325000.0
66,0.1,0.1112552777062436,0.12250345028051675,330000.0
67,0.1,0.10740956952898999,0.1307128827783804,335000.0
68,0.1,0.10346972389090764,0.13912327043777392,340000.0
69,0.1,0.09944134227708136,0.14772265571648674,345000.0
70,0.1,0.09533529398761335,0.15648783586741277,350000.0
71,0.1,0.09116775723376737,0.16538427521494595,355000.0
72,0.1,0.08695986093094371,0.17436686982350136,360000.0
73,0.1,0.0827369590967563,0.18338149644324542,365000.0
74,0.1,0.07852760058282864,0.19236721182597832,370000.0
75,0.1,0.07436228210750363,0.2012589146274112,375000.0
76,0.1,0.07027208933385691,0.20999024629791102,380000.0
77,0.1,0.06628733704473563,0.21849649389964595,385000.0
78,0.1,0.06243631433847676,0.22671726873507192,390000.0
79,0.1,0.058744224670173525,0.23459876903787813,395000.0
80,0.1,0.05523238560882877,0.2420954882480115,400000.0
81,0.1,0.05191772293268449,0.24917129496293033,405000.0
82,0.1,0.04881256251471068,0.25579987719646324,410000.0
83,0.1,0.0459246956437869,0.26196460293500634,415000.0
84,0.1,0.043257672321765056,0.2676578940342799,420000.0
85,0.1,0.04081126448631234,0.27288023737625583,425000.0
86,0.1,0.038582037182846224,0.27763896558786144,430000.0
87,0.1,0.03656396919249531,0.2819469321865129,435000.0
88,0.1,0.03474907339175801,0.2858211872988651,440000.0
89,0.1,0.03312797877051667,0.2892817352277914,445000.0
90,0.1,0.031690448389146156,0.29235042877036105,450000.0
91,0.1,0.030425818963890305,0.2950500308360151,455000.0
92,0.1,0.029323357222846704,0.29740345373449567,460000.0
93,0.1,0.028372535251392734,0.2994331713969261,465000.0
94,0.1,0.027563231772765262,0.3011607897029914,470000.0
95,0.1,0.026885868995024636,0.3026067543544192,475000.0
96,0.1,0.026331495739424966,0.30379017342140047,480000.0
97,0.1,0.025891827507620722,0.30472873181154786,485000.0
98,0.1,0.02555925335727657,0.30543867659283996,490000.0
99,0.1,0.025326818266646827,0.3059348546401651,495000.0
100,0.1,0.025188188322269763,0.30623078694928396,500000.0
101,0.1,0.025137604719469235,0.3063387668320293,505000.0
102,0.1,0.025169831322394386,0.30626997185991256,510000.0
103,0.1,0.02528009943710356,0.30603458175701,515000.0
104,0.1,0.025464052525273458,0.3056418964195714,520000.0
105,0.1,0.025717692823926133,0.3051004498668359,525000.0
106,0.1,0.026037331223983023,0.3044181172352192,530000.0
107,0.1,0.026419541277667394,0.30360221295864354,535000.0
108,0.1,0.02686111783125313,0.30265957907513863,540000.0
109,0.1,0.02735904049606438,0.3015966632052301,545000.0
110,0.1,0.027910441959368794,0.3004195861986102,550000.0
111,0.1,0.028512580983775463,0.2991341997722615,555000.0
112,0.1,0.0291628198360619,0.2977461346930842,560000.0
113,0.1,0.02985860581497896,0.29626084021044086,565000.0
114,0.1,0.03059745650379069,0.29468361553751454,570000.0
115,0.1,0.031376948351440906,0.29301963422705446,575000.0
116,0.1,0.03219470818063112,0.29127396229904884,580000.0
117,0.1,0.03304840722801542,0.28945157096309315,585000.0
118,0.1,0.0339357573377658,0.28755734474396344,590000.0
119,0.1,0.03485450895223701,0.2855960857709259,595000.0
120,0.1,0.03580245057027241,0.28357251493407687,600000.0
121,0.1,0.03677740937323467,0.28149127054794454,605000.0
122,0.1,0.03777725274942577,0.27935690509730216,610000.0
123,0.1,0.038799890478674506,0.27717388057372394,615000.0
124,0.1,0.039843277368928065,0.27494656284725055,620000.0
125,0.1,0.04090541616599439,0.2726792154549614,625000.0
126,0.1,0.0419843605847478,0.2703759931302607,630000.0
127,0.1,0.04307821833559606,0.26804093534228035,635000.0
128,0.1,0.044185154043217066,0.2656779600652556,640000.0
129,0.1,0.04530339197557938,0.26329085795288887,645000.0
130,0.1,0.04643121851989333,0.26088328705294034,650000.0
131,0.1,0.047566984358787,0.2584587681617503,655000.0
132,0.1,0.04870910631425216,0.2560206808879717,660000.0
133,0.1,0.04985606883938085,0.25357226046816495,665000.0
134,0.1,0.0510064251483604,0.25111659535460157,670000.0
135,0.1,0.052158797984048974,0.2486566255767253,675000.0
136,0.1,0.0533118800296718,0.24619514186230773,680000.0
137,0.1,0.05446443397701785,0.24373478549187264,685000.0
138,0.1,0.055615292268148,0.24127804885007478,690000.0
139,0.1,0.05676335653106941,0.23882727663036882,695000.0
140,0.1,0.057907596732471846,0.23638466764366545,700000.0
141,0.1,0.059047050072178066,0.23395227717835015,705000.0
142,0.1,0.06018081964517715,0.23153201985644276,710000.0
143,0.1,0.06130807289730782,0.22912567293025132,715000.0
144,0.1,0.06242803990070722,0.2267348799637726,720000.0
145,0.1,0.06354001147460117,0.22436115484424188,725000.0
146,0.1,0.06464333717615506,0.22200588607106386,730000.0
147,0.1,0.06573742318504659,0.21967034127161528,735000.0
148,0.1,0.06682173010414963,0.21735567189612487,740000.0
149,0.1,0.06789577069724194,0.215062918046988,745000.0
150,0.1,0.06895910758317801,0.21279301340101567,750000.0
151,0.1,0.07001135090436089,0.2105467901865463,755000.0
152,0.1,0.07105215598572688,0.20832498418081052,760000.0
153,0.1,0.07208122099892704,0.20612823969620125,765000.0
154,0.1,0.0730982846447419,0.2039571145276221,770000.0
155,0.1,0.07410312386530311,0.2018120848362063,775000.0
156,0.1,0.07509555159618876,0.19969354994791688,780000.0
157,0.1,0.0760754145671305,0.19760183704837636,785000.0
158,0.1,0.07704259115870507,0.19553720575818506,790000.0
159,0.1,0.07799698932121611,0.19349985257548288,795000.0
160,0.1,0.07893854456079626,0.19148991517501515,800000.0
161,0.1,0.07986721799677562,0.18950747655506683,805000.0
162,0.1,0.08078299449335988,0.18755256902576745,810000.0
163,0.1,0.08168588086785757,0.18562517803398637,815000.0
164,0.1,0.08257590417688022,0.1837252458217804,820000.0
165,0.1,0.08345311008128664,0.18185267491674506,825000.0
166,0.1,0.0843175612900392,0.18000733145391312,830000.0
167,0.1,0.08516933608256183,0.17818904833007573,835000.0
168,0.1,0.08600852690877203,0.17639762819229238,840000.0
169,0.1,0.08683523906557913,0.17463284626316872,845000.0
170,0.1,0.08764958944822676,0.17289445300636438,850000.0
171,0.1,0.08845170537468816,0.17118217663615512,855000.0
172,0.1,0.08924172348096963,0.16949572547562725,860000.0
173,0.1,0.09001978868511318,0.16783479016821984,865000.0
174,0.1,0.09078605321745047,0.16619904574784067,870000.0
175,0.1,0.09154067571460048,0.1645881535729083,875000.0
176,0.1,0.09228382037462626,0.1630017631298377,880000.0
177,0.1,0.09301565617069589,0.16143951371163762,885000.0
178,0.1,0.09373635612060827,0.1599010359772528,890000.0
179,0.1,0.09444609660948886,0.15838595339740424,895000.0
180,0.1,0.09514505676304083,0.1568938835925095,900000.0
181,0.1,0.09583341786872605,0.1554244395682869,905000.0
182,0.1,0.09651136284231954,0.15397723085450069,910000.0
183,0.1,0.09717907573732583,0.15255186455220954,915000.0
184,0.1,0.09783674129482993,0.15114794629469896,920000.0
185,0.1,0.09848454453140665,0.14976508112717082,925000.0
186,0.1,0.09912267036281328,0.1484028743100459,930000.0
187,0.1,0.09975130326126008,0.14706093205058796,935000.0
188,0.1,0.10037062694415316,0.14573886216734416,940000.0
189,0.1,0.1009808240922719,0.14443627469175113,945000.0
190,0.1,0.10158207609548667,0.14315278241095075,950000.0
191,0.1,0.10217456282407986,0.1418880013559512,955000.0
192,0.1,0.10275846242403251,0.14064155123862795,960000.0
193,0.1,0.10333395113453005,0.13941305584129393,965000.0
194,0.1,0.10390120312613371,0.13820214336215494,970000.0
195,0.1,0.10446039035809503,0.13700844671989995,975000.0
196,0.1,0.10501168245347738,0.13583160382027898,980000.0
197,0.1,0.10555524659061163,0.13467125778781236,985000.0
198,0.1,0.10609124740978482,0.13352705716498253,990000.0
199,0.1,0.10661984693387393,0.13239865608165674,995000.0
200,0.1,0.10714120450185519,0.13128571439702436,1000000.0
201,0.1,0.10765547671413739,0.13018789781629425,1005000.0
202,0.1,0.10816281738874386,0.12910487798423242,1010000.0
203,0.1,0.10866337752743067,0.12803633255748972,1015000.0
204,0.1,0.10915730529087138,0.12698194525757475,1020000.0
205,0.1,0.10964474598215204,0.125941405906087,1025000.0
206,0.1,0.11012584203777498,0.12491441044392075,1030000.0
207,0.1,0.11060073302551104,0.12390066093585045,1035000.0
208,0.1,0.11106955564845672,0.12289986556186924,1040000.0
209,0.1,0.11153244375467511,0.12191173859660862,1045000.0
210,0.1,0.11198952835188468,0.12093600037798236,1050000.0
211,0.1,0.11244093762665729,0.11997237726620431,1055000.0
212,0.1,0.11288679696766829,0.11902060159415649,1060000.0
213,0.1,0.11332722899253232,0.11808041161010263,1065000.0
214,0.1,0.11376235357782984,0.11715155141359052,1070000.0
215,0.1,0.11419228789194198,0.11623377088535948,1075000.0
216,0.1,0.1146171464303399,0.11532682561200805,1080000.0
217,0.1,0.11503704105301027,0.11443047680610198,1085000.0
218,0.1,0.11545208102372115,0.11354449122235327,1090000.0
219,0.1,0.11586237305085552,0.11266864107045273,1095000.0
220,0.1,0.11626802132955712,0.11180270392510155,1100000.0
221,0.1,0.1166691275849761,0.11094646263369437,1105000.0
222,0.1,0.11706579111638339,0.1100997052221489,1110000.0
223,0.1,0.11745810884197787,0.10926222479925557,1115000.0
224,0.1,0.1178461753442156,0.10843381945991351,1120000.0
225,0.1,0.11823008291548771,0.107614292187622,1125000.0
226,0.1,0.11860992160401235,0.10680345075651473,1130000.0
227,0.1,0.1189857792598192,0.10600110763319692,1135000.0
228,0.1,0.11935774158069064,0.10520707987867453,1140000.0
229,0.1,0.11972589215796799,0.10442118905057188,1145000.0
230,0.1,0.12009031252212653,0.10364326110584263,1150000.0
231,0.1,0.12045108218802401,0.10287312630417761,1155000.0
232,0.1,0.12080827869976561,0.10211061911223188,1160000.0
233,0.1,0.12116197767509423,0.10135557810886475,1165000.0
234,0.1,0.12151225284926916,0.10060784589147197,1170000.0
235,0.1,0.12185917611836601,0.09986726898355319,1175000.0
236,0.1,0.12220281758196082,0.09913369774359468,1180000.0
237,0.1,0.12254324558515223,0.0984069862753642,1185000.0
238,0.1,0.12288052675989487,0.09768699233967683,1190000.0
239,0.1,0.1232147260656077,0.09697357726770836,1195000.0
240,0.1,0.12354590682904022,0.096266605875893,1200000.0
241,0.1,0.123874130783361,0.09556594638248087,1205000.0
242,0.1,0.1241994581064924,0.0948714703257051,1210000.0
243,0.1,0.12452194745861946,0.09418305248371164,1215000.0
244,0.1,0.1248416560189174,0.09350057079615703,1220000.0
245,0.1,0.12515863952145784,0.09282390628755942,1225000.0
246,0.1,0.12547295229030808,0.09215294299237205,1230000.0
247,0.1,0.12578464727380775,0.09148756788181316,1235000.0
248,0.1,0.12609377607804675,0.0908276707924005,1240000.0
249,0.1,0.126400388999518,0.09017314435624753,1245000.0
250,0.1,0.12670453505696574,0.08952388393307682,1250000.0
251,0.1,0.12700626202244378,0.08887978754392031,1255000.0
252,0.1,0.12730561645156538,0.08824075580654439,1260000.0
253,0.1,0.12760264371298036,0.08760669187252573,1265000.0
254,0.1,0.12789738801707404,0.08697750136598728,1270000.0
255,0.1,0.12818989244390097,0.0863530923239683,1275000.0
256,0.1,0.12848019897036575,0.0857333751384014,1280000.0
257,0.1,0.1287683484966684,0.08511826249965965,1285000.0
258,0.1,0.12905438087201068,0.08450766934168161,1290000.0
259,0.1,0.1293383349196018,0.08390151278859105,1295000.0
260,0.1,0.12962024846095713,0.08329971210282719,1300000.0
261,0.1,0.12990015833950475,0.08270218863475115,1305000.0
262,0.1,0.13017810044353262,0.08210886577366129,1310000.0
263,0.1,0.13045410972846486,0.0815196689002396,1315000.0
264,0.1,0.13072822023850594,0.08093452534034806,1320000.0
265,0.1,0.13100046512764263,0.0803533643201956,1325000.0
266,0.1,0.1312708766800552,0.07977611692276679,1330000.0
267,0.1,0.13153948632990795,0.07920271604557427,1335000.0
268,0.1,0.13180632468057094,0.07863309635962698,1340000.0
269,0.1,0.13207142152326432,0.07806719426962946,1345000.0
270,0.1,0.1323348058551577,0.0775049478753453,1350000.0
271,0.1,0.1325965058969252,0.07694629693412275,1355000.0
272,0.1,0.1328565491097772,0.07639118282453662,1360000.0
273,0.1,0.1331149622119842,0.0758395485111149,1365000.0
274,0.1,0.13337177119490687,0.07529133851011971,1370000.0
275,0.1,0.13362700133854008,0.07474649885636495,1375000.0
276,0.1,0.13388067722659588,0.07420497707101925,1380000.0
277,0.1,0.13413282276113103,0.07366672213038017,1385000.0
278,0.1,0.1343834611767331,0.07313168443559137,1390000.0
279,0.1,0.13463261505428484,0.07259981578325972,1395000.0
280,0.1,0.13488030633431217,0.07207106933696132,1400000.0
281,0.1,0.13512655632993617,0.07154539959959297,1405000.0
282,0.1,0.13537138573943308,0.07102276238656052,1410000.0
283,0.1,0.1356148146584257,0.07050311479975348,1415000.0
284,0.1,0.13585686259170798,0.0699864152023034,1420000.0
285,0.1,0.1360975484647233,0.06947262319408118,1425000.0
286,0.1,0.13633689063470358,0.06896169958791817,1430000.0
287,0.1,0.13657490690148075,0.0684536063865272,1435000.0
288,0.1,0.13681161451798715,0.06794830676008749,1440000.0
289,0.1,0.1370470302004491,0.06744576502448382,1445000.0
290,0.1,0.13728117013828894,0.06694594662016948,1450000.0
291,0.1,0.13751405000374786,0.06644881809162384,1455000.0
292,0.1,0.13774568496123493,0.06595434706739514,1460000.0
293,0.1,0.13797608967641656,0.06546250224069733,1465000.0
294,0.1,0.13820527832505733,0.06497325335053743,1470000.0
295,0.1,0.13843326460162136,0.06448657116335434,1475000.0
296,0.1,0.13866006172763795,0.0640024274551604,1480000.0
297,0.1,0.13888568245985516,0.06352079499413646,1485000.0
298,0.1,0.1391101390981755,0.06304164752369099,1490000.0
299,0.1,0.13933344349339288,0.06256495974594445,1495000.0
300,0.1,0.13955560705473855,0.06209070730562081,1500000.0
301,0.1,0.13977664075724114,0.06161886677433605,1505000.0
302,0.1,0.13999655514891163,0.06114941563526058,1510000.0
303,0.1,0.140215360357763,0.060682332268134145,1515000.0
304,0.1,0.14043306609867803,0.06021759593460529,1520000.0
305,0.1,0.1406496816801176,0.05975518676391106,1525000.0
306,0.1,0.1408652160106961,0.059295085738840805,1530000.0
307,0.1,0.14107967760562046,0.05883727468199031,1535000.0
308,0.1,0.14129307459300383,0.05838173624228421,1540000.0
309,0.1,0.1415054147200665,0.057928453881739034,1545000.0
310,0.1,0.14171670535921932,0.057477411862476596,1550000.0
311,0.1,0.14192695351405357,0.05702859523393769,1555000.0
312,0.1,0.14213616582522998,0.05658198982031093,1560000.0
313,0.1,0.1423443485762826,0.05613758220814269,1565000.0
314,0.1,0.14255150769934058,0.05569535973412325,1570000.0
315,0.1,0.14275764878077668,0.05525531047302902,1575000.0
316,0.1,0.14296277706679106,0.054817423225802554,1580000.0
317,0.1,0.14316689746893116,0.054381687507769276,1585000.0
318,0.1,0.1433700145695601,0.0539480935369642,1590000.0
319,0.1,0.14357213262727742,0.05351663222256034,1595000.0
320,0.1,0.14377325558229762,0.05308729515338691,1600000.0
321,0.1,0.14397338706179105,0.05266007458652828,1605000.0
322,0.1,0.14417253038520442,0.05223496343596655,1610000.0
323,0.1,0.14437068856954693,0.05181195526129654,1615000.0
324,0.1,0.1445678643346651,0.05139104425646653,1620000.0
325,0.1,0.14476406010850257,0.05097222523854915,1625000.0
326,0.1,0.14495927803235598,0.05055549363652266,1630000.0
327,0.1,0.1451535199661237,0.05014084548006578,1635000.0
328,0.1,0.14534678749356422,0.0497282773883329,1640000.0
329,0.1,0.14553908192755524,0.04931778655872745,1645000.0
330,0.1,0.14573040431537437,0.04890937075562925,1650000.0
331,0.1,0.14592075544398725,0.04850302829910587,1655000.0
332,0.1,0.14611013584536425,0.04809875805356305,1660000.0
333,0.1,0.14629854580182103,0.04769655941634429,1665000.0
334,0.1,0.14648598535138735,0.04729643230627011,1670000.0
335,0.1,0.14667245429321119,0.04689837715210174,1675000.0
336,0.1,0.14685795219299905,0.046502394880927785,1680000.0
337,0.1,0.14704247838849913,0.04610848690645926,1685000.0
338,0.1,0.14722603199501713,0.04571665511725503,1690000.0
339,0.1,0.14740861191100035,0.0453269018648013,1695000.0
340,0.1,0.14759021682365062,0.044939229951530164,1700000.0
341,0.1,0.14777084521459735,0.044553642618708617,1705000.0
342,0.1,0.14795049536562585,0.044170143534210976,1710000.0
343,0.1,0.14812916536446047,0.04378873678017316,1715000.0
344,0.1,0.14830685311060463,0.04340942684052628,1720000.0
345,0.1,0.14848355632124283,0.043032218588397404,1725000.0
346,0.1,0.1486592725372034,0.04265711727338106,1730000.0
347,0.1,0.14883399912898204,0.04228412850868064,1735000.0
348,0.1,0.14900773330283096,0.041913258258109945,1740000.0
349,0.1,0.1491804721069058,0.04154451282297152,1745000.0
350,0.1,0.14935221243748584,0.041177898828778106,1750000.0
351,0.1,0.14952295104524957,0.04081342321185637,1755000.0
352,0.1,0.14969268454162052,0.040451093205800356,1760000.0
353,0.1,0.14986140940516937,0.040090916327805044,1765000.0
354,0.1,0.15002912198808502,0.039732900364852414,1770000.0
355,0.1,0.15019581852270347,0.03937705335977432,1775000.0
356,0.1,0.15036149512809788,0.03902338359718471,1780000.0
357,0.1,0.15052614781672552,0.03867189958929025,1785000.0
358,0.1,0.15068977250113408,0.03832261006157463,1790000.0
359,0.1,0.15085236500071794,0.03797552393837561,1795000.0
360,0.1,0.15101392104853037,0.037630650328343396,1800000.0
361,0.1,0.1511744362981407,0.0372879985098023,1805000.0
362,0.1,0.15133390633054244,0.03694757791600421,1810000.0
363,0.1,0.15149232666109558,0.03660939812030876,1815000.0
364,0.1,0.15164969274651555,0.03627346882126398,1820000.0
365,0.1,0.15180599999189426,0.03593979982761867,1825000.0
366,0.1,0.1519612437577505,0.03560840104327153,1830000.0
367,0.1,0.15211541936710735,0.035279282452163566,1835000.0
368,0.1,0.15226852211259173,0.0349524541031221,1840000.0
369,0.1,0.15242054726355087,0.03462792609466969,1845000.0
370,0.1,0.1525714900731773,0.034305708559814234,1850000.0
371,0.1,0.15272134578564286,0.0339858116508199,1855000.0
372,0.1,0.15287010964323158,0.03366824552398083,1860000.0
373,0.1,0.15301777689346724,0.033353020324405735,1865000.0
374,0.1,0.15316434279622865,0.03304014617082887,1870000.0
375,0.1,0.15330980263084795,0.032729633140457653,1875000.0
376,0.1,0.15345415170318308,0.03242149125387461,1880000.0
377,0.1,0.15359738535266007,0.0321157304600044,1885000.0
378,0.1,0.15373949895927733,0.031812360621161884,1890000.0
379,0.1,0.15388048795056694,0.031511391498191675,1895000.0
380,0.1,0.15402034780850044,0.031212832735726496,1900000.0
381,0.1,0.15415907407633997,0.030916693847561832,1905000.0
382,0.1,0.15429666236541978,0.030622984202179643,1910000.0
383,0.1,0.15443310836185836,0.030331713008420164,1915000.0
384,0.1,0.15456840783318698,0.03004288930133132,1920000.0
385,0.1,0.1547025566348907,0.029756521928206478,1925000.0
386,0.1,0.1548355507168561,0.02947261953481969,1930000.0
387,0.1,0.15496738612971492,0.02919119055188454,1935000.0
388,0.1,0.15509805903107746,0.02891224318174744,1940000.0
389,0.1,0.15522756569165094,0.028635785385326573,1945000.0
390,0.1,0.1553559025012318,0.02836182486932072,1950000.0
391,0.1,0.1554830659745669,0.02809036907369661,1955000.0
392,0.1,0.15560905275707818,0.02782142515946916,1960000.0
393,0.1,0.1557338596304385,0.027554999996798335,1965000.0
394,0.1,0.1558574835179992,0.027291100153403164,1970000.0
395,0.1,0.15597992149005774,0.027029731883316553,1975000.0
396,0.1,0.15610117076896143,0.02677090111599086,1980000.0
397,0.1,0.1562212287340371,0.026514613445774285,1985000.0
398,0.1,0.15634009292634984,0.026260874121752098,1990000.0
399,0.1,0.15645776105327452,0.026009688037988497,1995000.0
400,0.1,0.15657423099288037,0.025761059724166167,2000000.0
401,0.1,0.1566895007981236,0.02551499333663674,2005000.0
402,0.1,0.15680356870084264,0.025271492649892015,2010000.0
403,0.1,0.15691643311554923,0.025030561048471053,2015000.0
404,0.1,0.1570280926430146,0.024792201519304887,2020000.0
405,0.1,0.15713854607364447,0.024556416644511747,2025000.0
406,0.1,0.15724779239064074,0.02432320859464806,2030000.0
407,0.1,0.1573558307729451,0.02409257912242453,2035000.0
408,0.1,0.15746266059796502,0.02386452955688701,2040000.0
409,0.1,0.15756828144407473,0.023639060798077656,2045000.0
410,0.1,0.1576726930928942,0.023416173312170017,2050000.0
411,0.1,0.15777589553134105,0.02319586712708891,2055000.0
412,0.1,0.15787788895345592,0.022978141828613623,2060000.0
413,0.1,0.15797867376199917,0.022762996556969495,2065000.0
414,0.1,0.1580782505698205,0.022550430003904366,2070000.0
415,0.1,0.15817662020099932,0.02234044041025406,2075000.0
416,0.1,0.15827378369175618,0.02213302556399676,2080000.0
417,0.1,0.15836974229113907,0.02192818279878798,2085000.0
418,0.1,0.15846449746148275,0.021725908992980165,2090000.0
419,0.1,0.15855805087864286,0.02152620056912267,2095000.0
420,0.1,0.1586504044320063,0.02132905349394002,2100000.0
421,0.1,0.15874156022428673,0.021134463278767918,2105000.0
422,0.1,0.15883152057109612,0.020942424980468388,2110000.0
423,0.1,0.15892028800030603,0.02075293320279281,2115000.0
424,0.1,0.15900786525119576,0.020565982098200705,2120000.0
425,0.1,0.1590942552733949,0.020381565370116914,2125000.0
426,0.1,0.15917946122562138,0.020199676275625526,2130000.0
427,0.1,0.1592634864742217,0.020020307628586,2135000.0
428,0.1,0.15934633459151695,0.019843451803163888,2140000.0
429,0.1,0.1594280093539608,0.019669100737763196,2145000.0
430,0.1,0.1595085147401118,0.019497245939354573,2150000.0
431,0.1,0.15958785492843017,0.019327878488178882,2155000.0
432,0.1,0.15966603429490012,0.019160989042822422,2160000.0
433,0.1,0.1597430574104878,0.018996567845643884,2165000.0
434,0.1,0.15981892903843814,0.018834604728544417,2170000.0
435,0.1,0.15989365413141826,0.018675089119065846,2175000.0
436,0.1,0.1599672378285146,0.018518010046800686,2180000.0
437,0.1,0.16003968545208896,0.018363356150103708,2185000.0
438,0.1,0.1601110025045017,0.018211115683086882,2190000.0
439,0.1,0.16018119466470865,0.018061276522883953,2195000.0
440,0.1,0.16025026778473836,0.017913826177170314,2200000.0
441,0.1,0.16031822788605785,0.017768751791921528,2205000.0
442,0.1,0.16038508115583272,0.017626040159396058,2210000.0
443,0.1,0.16045083394309023,0.01748567772632667,2215000.0
444,0.1,0.16051549275479202,0.017347650602303807,2220000.0
445,0.1,0.16057906425182333,0.017211944568337023,2225000.0
446,0.1,0.16064155524490747,0.017078545085576963,2230000.0
447,0.1,0.16070297269044895,0.016947437304188365,2235000.0
448,0.1,0.1607633236863201,0.016818606072345182,2240000.0
449,0.1,0.16082261546758891,0.01669203594534948,2245000.0
450,0.1,0.1608808554022018,0.016567711194848143,2250000.0
451,0.1,0.16093805098662564,0.016445615818135313,2255000.0
452,0.1,0.16099420984145724,0.016325733547525246,2260000.0
453,0.1,0.1610493397070046,0.016208047859784712,2265000.0
454,0.1,0.16110344843884952,0.016092541985605707,2270000.0
455,0.1,0.16115654400339666,0.015979198919106666,2275000.0
456,0.1,0.1612086344734138,0.01586800142735283,2280000.0
457,0.1,0.16125972802357222,0.015758932059876052,2285000.0
458,0.1,0.16130983292599202,0.01565197315818439,2290000.0
459,0.1,0.16135895754579677,0.015547106865251391,2295000.0
460,0.1,0.16140711033668612,0.01544431513496732,2300000.0
461,0.1,0.1614542998365274,0.015343579741549991,2305000.0
462,0.1,0.16150053466297679,0.015244882288891731,2310000.0
463,0.1,0.16154582350913024,0.015148204219843867,2315000.0
464,0.1,0.1615901751392111,0.015053526825422167,2320000.0
465,0.1,0.161633598384299,0.014960831253924198,2325000.0
466,0.1,0.16167610213810435,0.014870098519949759,2330000.0
467,0.1,0.1617176953527916,0.014781309513317102,2335000.0
468,0.1,0.1617583870348557,0.01469444500786488,2340000.0
469,0.1,0.1617981862410557,0.014609485670133149,2345000.0
470,0.1,0.16183710207440913,0.014526412067914319,2350000.0
471,0.1,0.16187514368024855,0.014445204678670512,2355000.0
472,0.1,0.1619123202423457,0.014365843897808069,2360000.0
473,0.1,0.1619486409791046,0.014288310046803858,2365000.0
474,0.1,0.16198411513982586,0.014212583381179764,2370000.0
475,0.1,0.16201875200104518,0.01413864409831905,2375000.0
476,0.1,0.16205256086294884,0.014066472345118097,2380000.0
477,0.1,0.16208555104586517,0.013996048225476062,2385000.0
478,0.1,0.16211773188683765,0.013927351807610388,2390000.0
479,0.1,0.16214911273627808,0.013860363131201111,2395000.0
480,0.1,0.16217970295470233,0.013795062214359308,2400000.0
481,0.1,0.16220951190954883,0.013731429060418339,2405000.0
482,0.1,0.1622385489720835,0.013669443664541071,2410000.0
483,0.1,0.16226682351438657,0.01360908602015228,2415000.0
484,0.1,0.16229434490642705,0.013550336125183386,2420000.0
485,0.1,0.16232112251322336,0.013493173988133903,2425000.0
486,0.1,0.16234716569208826,0.013437579633952711,2430000.0
487,0.1,0.16237248378996108,0.013383533109732886,2435000.0
488,0.1,0.1623970861408263,0.01333101449022212,2440000.0
489,0.1,0.16242098206321626,0.013280003883153821,2445000.0
490,0.1,0.16244418085780127,0.01323048143439167,2450000.0
491,0.1,0.16246669180506268,0.013182427332896617,2455000.0
492,0.1,0.16248852416305098,0.013135821815512675,2460000.0
493,0.1,0.1625096871652276,0.013090645171574412,2465000.0
494,0.1,0.1625301900183877,0.013046877747340499,2470000.0
495,0.1,0.1625500419006665,0.013004499950250442,2475000.0
496,0.1,0.16256925195962324,0.01296349225301383,2480000.0
497,0.1,0.1625878293104078,0.012923835197524915,2485000.0
498,0.1,0.16260578303400192,0.01288550939861653,2490000.0
499,0.1,0.16262312217553954,0.012848495547645666,2495000.0
500,0.1,0.16263985574270012,0.012812774415923607,2500000.0
501,0.1,0.1626559927041772,0.01277832685798488,2505000.0
502,0.1,0.16267154198821826,0.012745133814703916,2510000.0
503,0.1,0.1626865124812356,0.012713176316261083,2515000.0
504,0.1,0.16270091302648582,0.012682435484960985,2520000.0
505,0.1,0.16271475242281566,0.012652892537909992,2525000.0
506,0.1,0.1627280394234746,0.012624528789550926,2530000.0
507,0.1,0.16274078273499026,0.01259732565406388,2535000.0
508,0.1,0.16275299101610555,0.012571264647634736,2540000.0
509,0.1,0.1627646728767763,0.012546327390595417,2545000.0
510,0.1,0.1627758368772263,0.012522495609440404,2550000.0
511,0.1,0.1627864915270595,0.012499751138722794,2555000.0
512,0.1,0.16279664528442586,0.012478075922834326,2560000.0
513,0.1,0.16280630655523973,0.012457452017673976,2565000.0
514,0.1,0.16281548369244947,0.01243786159220727,2570000.0
515,0.1,0.16282418499535536,0.012419286929922271,2575000.0
516,0.1,0.1628324187089741,0.012401710430186246,2580000.0
517,0.1,0.16284019302344865,0.012385114609505424,2585000.0
518,0.1,0.16284751607350162,0.01236948210269172,2590000.0
519,0.1,0.16285439593792836,0.01235479566394495,2595000.0
520,0.1,0.16286084063913178,0.01234103816784593,2600000.0
521,0.1,0.16286685814269236,0.012328192610274328,2605000.0
522,0.1,0.1628724563569756,0.01231624210924658,2610000.0
523,0.1,0.16287764313277292,0.01230516990568231,2615000.0
524,0.1,0.16288242626297467,0.012294959364102784,2620000.0
525,0.1,0.1628868134822744,0.012285593973261831,2625000.0
526,0.1,0.16289081246690096,0.012277057346717957,2630000.0
527,0.1,0.16289443083437874,0.012269333223345917,2635000.0
528,0.1,0.16289767614331274,0.012262405467795699,2640000.0
529,0.1,0.1629005558931984,0.012256258070898394,2645000.0
530,0.1,0.16290307752425323,0.012250875150025901,2650000.0
531,0.1,0.16290524841726914,0.012246240949405567,2655000.0
532,0.1,0.16290707589348583,0.012242339840391157,2660000.0
533,0.1,0.16290856721447963,0.012239156321699557,2665000.0
534,0.1,0.16290972958207103,0.012236675019608532,2670000.0
535,0.1,0.16291057013824672,0.012234880688123022,2675000.0
536,0.1,0.16291109596509545,0.012233758209112036,2680000.0
537,0.1,0.16291131408475626,0.012233292592419278,2685000.0
538,0.1,0.16291123145937939,0.0122334689759464,2690000.0
539,0.1,0.1629108549910956,0.012234272625718762,2695000.0
540,0.1,0.16291019152199615,0.012235688935927835,2700000.0
541,0.1,0.1629092478341197,0.012237703428959504,2705000.0
542,0.1,0.1629080306494473,0.012240301755404536,2710000.0
543,0.1,0.1629065466299022,0.012243469694059105,2715000.0
544,0.1,0.16290480237735513,0.012247193151913378,2720000.0
545,0.1,0.16290280443363397,0.012251458164131052,2725000.0
546,0.1,0.16290055928053587,0.012256250894023338,2730000.0
547,0.1,0.1628980733398426,0.012261557633016316,2735000.0
548,0.1,0.16289535297333682,0.012267364800616104,2740000.0
549,0.1,0.16289240448281975,0.012273658944371114,2745000.0
550,0.1,0.16288923411012898,0.012280426739834151,2750000.0
551,0.1,0.16288584803715422,0.012287654990528838,2755000.0
552,0.1,0.16288225238585569,0.012295330627910031,2760000.0
553,0.1,0.1628784532182773,0.012303440711336077,2765000.0
554,0.1,0.1628744565365593,0.012311972428041518,2770000.0
555,0.1,0.1628702682829482,0.012320913093116151,2775000.0
556,0.1,0.1628658943398036,0.012330250149490202,2780000.0
557,0.1,0.16286134052960163,0.012339971167927316,2785000.0
558,0.1,0.16285661261493514,0.012350063847023716,2790000.0
559,0.1,0.16285171629850886,0.012360516013218914,2795000.0
560,0.1,0.16284665722313124,0.012371315620812978,2800000.0
561,0.1,0.16284144097170133,0.012382450751994354,2805000.0
562,0.1,0.16283607306719136,0.01239390961687757,2810000.0
563,0.1,0.1628305589726242,0.012405680553550801,2815000.0
564,0.1,0.16282490409104555,0.012417752028135415,2820000.0
565,0.1,0.16281911376549255,0.012430112634853276,2825000.0
566,0.1,0.16281319327895538,0.012442751096108231,2830000.0
567,0.1,0.16280714785433562,0.012455656262575311,2835000.0
568,0.1,0.16280098265439888,0.012468817113301757,2840000.0
569,0.1,0.162794702781722,0.012482222755819852,2845000.0
570,0.1,0.162788313278637,0.012495862426266359,2850000.0
571,0.1,0.16278181912716866,0.012509725489515816,2855000.0
572,0.1,0.1627752252489694,0.012523801439319866,2860000.0
573,0.1,0.1627685365052466,0.012538079898461892,2865000.0
574,0.1,0.16276175769669118,0.012552550618909902,2870000.0
575,0.1,0.16275489356339715,0.012567203481987935,2875000.0
576,0.1,0.16274794878478066,0.012582028498549213,2880000.0
577,0.1,0.16274092797949433,0.012597015809158736,2885000.0
578,0.1,0.16273383570533942,0.012612155684280865,2890000.0
579,0.1,0.16272667645917516,0.012627438524472973,2895000.0
580,0.1,0.16271945467682614,0.012642854860583,2900000.0
581,0.1,0.16271217473298685,0.012658395353953196,2905000.0
582,0.1,0.1627048409411262,0.012674050796624156,2910000.0
583,0.1,0.16269745755339024,0.012689812111542331,2915000.0
584,0.1,0.16269002876050392,0.012705670352769744,2920000.0
585,0.1,0.16268255869167358,0.012721616705692154,2925000.0
586,0.1,0.1626750514144893,0.012737642487227644,2930000.0
587,0.1,0.16266751093482754,0.012753739146033994,2935000.0
588,0.1,0.1626599411967564,0.01276989826271175,2940000.0
589,0.1,0.16265234608244133,0.012786111550004649,2945000.0
590,0.1,0.16264472941205402,0.01280237085299464,2950000.0
591,0.1,0.16263709494368306,0.012818668149292356,2955000.0
592,0.1,0.1626294463732495,0.012834995549217559,2960000.0
593,0.1,0.16262178733442423,0.012851345295975213,2965000.0
594,0.1,0.16261412139855239,0.012867709765817293,2970000.0
595,0.1,0.162606452074579,0.012884081468201032,2975000.0
596,0.1,0.16259878280898357,0.012900453045928944,2980000.0
597,0.1,0.16259111698571838,0.012916817275280299,2985000.0
598,0.1,0.16258345792615436,0.01293316706612673,2990000.0
599,0.1,0.16257580888903342,0.012949495462034078,2995000.0
600,0.1,0.16256817307042834,0.012965795640347885,3000000.0
601,0.1,0.16256055360371072,0.012982060912261948,3005000.0
602,0.1,0.1625529535595276,0.01299828472286809,3010000.0
603,0.1,0.16254537594578666,0.01301446065118781,3015000.0
604,0.1,0.16253782370765144,0.01303058241018259,3020000.0
605,0.1,0.16253029972754648,0.0130466438467427,3025000.0
606,0.1,0.16252280682517237,0.013062638941655259,3030000.0
607,0.1,0.16251534775753282,0.013078561809546392,3035000.0
608,0.1,0.16250792521897017,0.013094406698805381,3040000.0
609,0.1,0.16250054184121826,0.013110167991471917,3045000.0
610,0.1,0.16249320019346164,0.013125840203109609,3050000.0
611,0.1,0.16248590278241062,0.013141417982645646,3055000.0
612,0.1,0.16247865205238893,0.013156896112184138,3060000.0
613,0.1,0.1624714503854334,0.013172269506792665,3065000.0
614,0.1,0.16246430010140978,0.013187533214255656,3070000.0
615,0.1,0.16245720345813966,0.01320268241480291,3075000.0
616,0.1,0.16245016265154458,0.013217712420802549,3080000.0
617,0.1,0.16244317981580286,0.013232618676425669,3085000.0
618,0.1,0.16243625702352218,0.013247396757278249,3090000.0
619,0.1,0.16242939628592726,0.01326204237000048,3095000.0
620,0.1,0.16242259955306299,0.013276551351833105,3100000.0
621,0.1,0.16241586871401328,0.013290919670150168,3105000.0
622,0.1,0.16240920559713523,0.013305143421959263,3110000.0
623,0.1,0.1624026119703103,0.013319218833365306,3115000.0
624,0.1,0.1623960895412107,0.013333142259001882,3120000.0
625,0.1,0.16238963995758265,0.013346910181426499,3125000.0
626,0.1,0.16238326480754564,0.013360519210481857,3130000.0
627,0.1,0.1623769656199089,0.013373966082620222,3135000.0
628,0.1,0.1623707438645031,0.013387247660195348,3140000.0
629,0.1,0.16236460095253005,0.01340036093071603,3145000.0
630,0.1,0.1623585382369289,0.01341330300606429,3150000.0
631,0.1,0.16235255701275517,0.013426071121686268,3155000.0
632,0.1,0.1623466585175845,0.013438662635730543,3160000.0
633,0.1,0.16234084393192436,0.013451075028168906,3165000.0
634,0.1,0.16233511437964668,0.013463305899873013,3170000.0
635,0.1,0.16232947092843597,0.013475352971657941,3175000.0
636,0.1,0.16232391459025308,0.013487214083291826,3180000.0
637,0.1,0.16231844632181602,0.013498887192469824,3185000.0
638,0.1,0.1623130670250955,0.013510370373755987,3190000.0
639,0.1,0.16230777754782696,0.013521661817490442,3195000.0
640,0.1,0.16230257868403783,0.013532759828663818,3200000.0
641,0.1,0.16229747117459023,0.013543662825758645,3205000.0
642,0.1,0.16229245570773826,0.013554369339559804,3210000.0
643,0.1,0.16228753291970055,0.013564878011932133,3215000.0
644,0.1,0.16228270339524684,0.01357518759456855,3220000.0
645,0.1,0.1622779676682997,0.013585296947705248,3225000.0
646,0.1,0.16227332622254853,0.013595205038811346,3230000.0
647,0.1,0.16226877949207852,0.013604910941245859,3235000.0
648,0.1,0.16226432786201198,0.013614413832888835,3240000.0
649,0.1,0.16225997166916306,0.013623712994743803,3245000.0
650,0.1,0.16225571120270454,0.013632807809514346,3250000.0
651,0.1,0.16225154670484654,0.013641697760155062,3255000.0
652,0.1,0.16224747837152742,0.013650382428396909,3260000.0
653,0.1,0.1622435063531154,0.013658861493249406,3265000.0
654,0.1,0.16223963075512127,0.013667134729479193,3270000.0
655,0.1,0.1622358516389215,0.013675202006066351,3275000.0
656,0.1,0.1622321690224911,0.013683063284640239,3280000.0
657,0.1,0.1622285828811459,0.013690718617894537,3285000.0
658,0.1,0.16222509314829409,0.013698168147983117,3290000.0
659,0.1,0.162221699716196,0.013705412104898354,3295000.0
660,0.1,0.16221840243673222,0.013712450804831019,3300000.0
661,0.1,0.16221520112217896,0.013719284648515474,3305000.0
662,0.1,0.16221209556127955,0.013725914086921594,3310000.0
663,0.1,0.1622090854584014,0.013732339751136571,3315000.0
664,0.1,0.16220617052749592,0.013738562251788584,3320000.0
665,0.1,0.16220335043031106,0.01374458231094454,3325000.0
666,0.1,0.16220062479296402,0.013750400726732195,3330000.0
667,0.1,0.1621979932067511,0.013756018371611549,3335000.0
668,0.1,0.16219545522896292,0.013761436190634538,3340000.0
669,0.1,0.16219301038370157,0.013766655199700478,3345000.0
670,0.1,0.1621906581627021,0.013771676483802708,3350000.0
671,0.1,0.16218839802615595,0.013776501195270583,3355000.0
672,0.1,0.16218622940353603,0.013781130552008377,3360000.0
673,0.1,0.16218415169442402,0.013785565835729175,3365000.0
674,0.1,0.16218216426933837,0.013789808390187178,3370000.0
675,0.1,0.16218026647056275,0.013793859619409436,3375000.0
676,0.1,0.16217845761297453,0.013797720985927263,3380000.0
677,0.1,0.16217673698487284,0.013801394009008443,3385000.0
678,0.1,0.162175103848806,0.013804880262890906,3390000.0
679,0.1,0.16217355744239684,0.01380818137502127,3395000.0
680,0.1,0.16217209697916715,0.013811299024294378,3400000.0
681,0.1,0.16217072164935833,0.013814234939301789,3405000.0
682,0.1,0.1621694306207508,0.013816990896582546,3410000.0
683,0.1,0.162168223039479,0.013819568718883157,3415000.0
684,0.1,0.16216709803084375,0.013821970273423894,3420000.0
685,0.1,0.16216605470011963,0.013824197470174873,3425000.0
686,0.1,0.16216509213335828,0.013826252260141484,3430000.0
687,0.1,0.16216420939818652,0.013828136633660417,3435000.0
688,0.1,0.16216340554459943,0.013829852618707015,3440000.0
689,0.1,0.16216267960574776,0.013831402279214117,3445000.0
690,0.1,0.1621620305987188,0.013832787713405072,3450000.0
691,0.1,0.16216145752531155,0.013834011052139501,3455000.0
692,0.1,0.16216095937280406,0.013835074457274391,3460000.0
693,0.1,0.1621605351147148,0.013835980120039618,3465000.0
694,0.1,0.16216018371155566,0.013836730259430158,3470000.0
695,0.1,0.16215990411157732,0.013837327120614836,3475000.0
696,0.1,0.16215969525150722,0.013837772973361305,3480000.0
697,0.1,0.1621595560572778,0.013838070110481134,3485000.0
698,0.1,0.16215948544474734,0.013838220846291296,3490000.0
699,0.1,0.16215948232041116,0.01383822751509583,3495000.0
700,0.1,0.16215954558210388,0.013838092469686791,3500000.0
701,0.1,0.16215967411969143,0.013837818079866879,3505000.0
702,0.1,0.16215986681575503,0.013837406730989514,3510000.0
703,0.1,0.16216012254626355,0.013836860822523611,3515000.0
704,0.1,0.16216044018123643,0.013836182766638058,3520000.0
705,0.1,0.16216081858539633,0.01383537498680906,3525000.0
706,0.1,0.16216125661881103,0.013834439916449358,3530000.0
707,0.1,0.16216175313752493,0.013833379997560555,3535000.0
708,0.1,0.1621623069941791,0.013832197679409255,3540000.0
709,0.1,0.16216291703862118,0.013830895417225184,3545000.0
710,0.1,0.16216358211850332,0.013829475670924714,3550000.0
711,0.1,0.16216430107986896,0.013827940903858516,3555000.0
712,0.1,0.16216507276772874,0.013826293581581843,3560000.0
713,0.1,0.16216589602662423,0.013824536170651212,3565000.0
714,0.1,0.1621667697011805,0.013822671137444955,3570000.0
715,0.1,0.16216769263664677,0.013820700947009067,3575000.0
716,0.1,0.16216866367942542,0.013818628061927773,3580000.0
717,0.1,0.16216968167758913,0.01381645494121994,3585000.0
718,0.1,0.1621707454813863,0.01381418403925955,3590000.0
719,0.1,0.16217185394373304,0.013811817804726179,3595000.0
720,0.1,0.16217300592069678,0.013809358679572047,3600000.0
721,0.1,0.1621742002719641,0.013806809098023627,3605000.0
722,0.1,0.16217543586129857,0.013804171485604349,3610000.0
723,0.1,0.1621767115569858,0.01380144825818425,3615000.0
724,0.1,0.16217802623226737,0.01379864182105398,3620000.0
725,0.1,0.16217937876576194,0.013795754568025734,3625000.0
726,0.1,0.1621807680418746,0.01379278888055946,3630000.0
727,0.1,0.16218219295119465,0.01378974712691346,3635000.0
728,0.1,0.16218365239088112,0.01378663166132188,3640000.0
729,0.1,0.16218514526503697,0.013783444823195537,3645000.0
730,0.1,0.16218667048507043,0.013780188936350626,3650000.0
731,0.1,0.1621882269700457,0.01377686630826034,3655000.0
732,0.1,0.16218981364702204,0.013773479229330593,3660000.0
733,0.1,0.16219142945137996,0.013770029972204091,3665000.0
734,0.1,0.16219307332713742,0.013766520791085063,3670000.0
735,0.1,0.16219474422725388,0.013762953921090403,3675000.0
736,0.1,0.16219644111392317,0.013759331577624444,3680000.0
737,0.1,0.16219816295885484,0.013755655955778158,3685000.0
738,0.1,0.1621999087435453,0.013751929229750486,3690000.0
739,0.1,0.16220167745953648,0.013748153552296532,3695000.0
740,0.1,0.16220346810866526,0.01374433105419436,3700000.0
741,0.1,0.16220527970330106,0.013740463843738395,3705000.0
742,0.1,0.16220711126657297,0.013736554006254505,3710000.0
743,0.1,0.16220896183258643,0.013732603603637176,3715000.0
744,0.1,0.16221083044662968,0.01372861467390909,3720000.0
745,0.1,0.1622127161653698,0.013724589230802452,3725000.0
746,0.1,0.16221461805703863,0.013720529263362181,3730000.0
747,0.1,0.1622165352016086,0.013716436735570603,3735000.0
748,0.1,0.16221846669095918,0.013712313585992102,3740000.0
749,0.1,0.16222041162903328,0.013708161727439182,3745000.0
750,0.1,0.1622223691319841,0.013703983046659048,3750000.0
751,0.1,0.1622243383283127,0.013699779404039944,3755000.0
752,0.1,0.1622263183589966,0.013695552633336714,3760000.0
753,0.1,0.16222830837760854,0.013691304541416975,3765000.0
754,0.1,0.16223030755042783,0.013687036908023843,3770000.0
755,0.1,0.16223231505654107,0.01368275148556069,3775000.0
756,0.1,0.16223433008793567,0.013678449998891349,3780000.0
757,0.1,0.1622363518495846,0.013674134145159668,3785000.0
758,0.1,0.1622383795595226,0.013669805593626296,3790000.0
759,0.1,0.16224041244891438,0.01366546598552346,3795000.0
760,0.1,0.1622424497621154,0.01366111693392498,3800000.0
761,0.1,0.1622444907567244,0.013656760023634598,3805000.0
762,0.1,0.16224653470362807,0.013652396811089684,3810000.0
763,0.1,0.16224858088703925,0.01364802882428087,3815000.0
764,0.1,0.1622506286045269,0.013643657562687119,3820000.0
765,0.1,0.1622526771670394,0.01363928449722653,3825000.0
766,0.1,0.16225472589892112,0.013634911070220627,3830000.0
767,0.1,0.16225677413792192,0.013630538695374445,3835000.0
768,0.1,0.1622588212352,0.013626168757770072,3840000.0
769,0.1,0.16226086655531863,0.013621802613873817,3845000.0
770,0.1,0.16226290947623648,0.013617441591557011,3850000.0
771,0.1,0.16226494938929162,0.013613086990129714,3855000.0
772,0.1,0.1622669856991799,0.013608740080387371,3860000.0
773,0.1,0.16226901782392755,0.013604402104668933,3865000.0
774,0.1,0.16227104519485797,0.013600074276927984,3870000.0
775,0.1,0.16227306725655316,0.01359575778281487,3875000.0
776,0.1,0.16227508346680974,0.013591453779770803,3880000.0
777,0.1,0.1622770932965899,0.013587163397132458,3885000.0
778,0.1,0.16227909622996753,0.013582887736246801,3890000.0
779,0.1,0.16228109176406957,0.013578627870596615,3895000.0
780,0.1,0.16228307940901196,0.013574384845937124,3900000.0
781,0.1,0.162285058687832,0.013570159680440176,3905000.0
782,0.1,0.16228702913641588,0.013565953364849243,3910000.0
783,0.1,0.16228899030342175,0.013561766862643253,3915000.0
784,0.1,0.16229094175019937,0.013557601110208786,3920000.0
785,0.1,0.16229288305070522,0.013553457017020452,3925000.0
786,0.1,0.16229481379141386,0.013549335465830686,3930000.0
787,0.1,0.16229673357122607,0.013545237312865771,3935000.0
788,0.1,0.1622986420013729,0.013541163388030414,3940000.0
789,0.1,0.1623005387053168,0.013537114495118982,3945000.0
790,0.1,0.16230242331864939,0.0135330914120338,3950000.0
791,0.1,0.16230429548898578,0.013529094891010623,3955000.0
792,0.1,0.16230615487585637,0.013525125658849588,3960000.0
793,0.1,0.16230800115059535,0.013521184417153284,3965000.0
794,0.1,0.16230983399622698,0.01351727184256966,3970000.0
795,0.1,0.16231165310734882,0.013513388587040917,3975000.0
796,0.1,0.16231345819001247,0.013509535278058565,3980000.0
797,0.1,0.1623152489616023,0.013505712518921837,3985000.0
798,0.1,0.16231702515071172,0.013501920889002221,3990000.0
799,0.1,0.16231878649701717,0.013498160944012134,3995000.0
800,0.1,0.16232053275115024,0.013494433216278122,4000000.0
801,0.1,0.1623222636745681,0.013490738215017282,4005000.0
802,0.1,0.16232397903942167,0.013487076426618883,4010000.0
803,0.1,0.1623256786284223,0.013483448314928823,4015000.0
804,0.1,0.16232736223470684,0.013479854321537553,4020000.0
805,0.1,0.16232902966170176,0.013476294866070477,4025000.0
806,0.1,0.16233068072298468,0.013472770346483243,4030000.0
807,0.1,0.16233231524214567,0.013469281139357882,4035000.0
808,0.1,0.16233393305264698,0.01346582760020247,4040000.0
809,0.1,0.16233553399768175,0.01346241006375229,4045000.0
810,0.1,0.1623371179300314,0.013459028844274835,4050000.0
811,0.1,0.1623386847119226,0.013455684235874552,4055000.0
812,0.1,0.16234023421488294,0.013452376512801296,4060000.0
813,0.1,0.16234176631959632,0.013449105929759125,4065000.0
814,0.1,0.16234328091575723,0.013445872722217036,4070000.0
815,0.1,0.1623447779019249,0.013442677106720412,4075000.0
816,0.1,0.16234625718537624,0.013439519281205166,4080000.0
817,0.1,0.16234771868195966,0.013436399425309596,4085000.0
818,0.1,0.16234916231594662,0.013433317700691201,4090000.0
819,0.1,0.16235058801988483,0.013430274251340356,4095000.0
820,0.1,0.16235199573445014,0.013427269203896159,4100000.0
821,0.1,0.16235338540829858,0.01342430266796249,4105000.0
822,0.1,0.16235475699791832,0.013421374736423977,4110000.0
823,0.1,0.16235611046748172,0.013418485485761768,4115000.0
824,0.1,0.1623574457886973,0.013415634976369592,4120000.0
825,0.1,0.16235876294066198,0.013412823252869055,4125000.0
826,0.1,0.16236006190971355,0.013410050344424978,4130000.0
827,0.1,0.16236134268928307,0.013407316265059888,4135000.0
828,0.1,0.16236260527974802,0.013404621013967952,4140000.0
829,0.1,0.1623638496882855,0.013401964575828169,4145000.0
830,0.1,0.16236507592872598,0.01339934692111643,4150000.0
831,0.1,0.16236628402140754,0.013396768006417176,4155000.0
832,0.1,0.1623674739930305,0.013394227774733017,4160000.0
833,0.1,0.16236864587651284,0.01339172615579394,4165000.0
834,0.1,0.16236979971084603,0.013389263066364907,4170000.0
835,0.1,0.16237093554095156,0.013386838410551813,4175000.0
836,0.1,0.1623720534175385,0.013384452080106087,4180000.0
837,0.1,0.1623731533969612,0.013382103954727997,4185000.0
838,0.1,0.16237423554107835,0.013379793902367789,4190000.0
839,0.1,0.16237529991711258,0.013377521779525312,4195000.0
840,0.1,0.162376346597511,0.01337528743154765,4200000.0
